id,nome_original,nome_canonico_proposto,nome_normalizado_chave,plataforma,categoria_atual,subcategoria_atual,papel_catalogo_proposto,escopo_mercado,mercado_principal_proposto,submercado_proposto,mercados_relacionados_propostos,orientacao_b2b_b2c,tipos_sinal_propostos,estagios_funil_propostos,confianca_regra,acao_migracao
70,Profissionais de Recursos Humanos interessados em oportunidades de emprego no Rio de Janeiro,Profissionais de Recursos Humanos interessados em oportunidades de emprego no Rio de Janeiro,profissionais de recursos humanos interessados em oportunidades de emprego no rio de janeiro,Programática,B2B & Indústria,Gestores & Coordenadores,conceito de audiência,vertical,"B2B, Enterprise & Indústria",Funções corporativas,Educação & Carreira,Híbrido,cargo/função profissional | demográfico/socioeconômico | interesse/afinidade,Conhecimento | Consideração,média,mapear
71,"Profissionais de Recursos Humanos com afinidade financeira, baseados em Portugal, usuários da Boa Vista Serviços SCPC",Profissionais de Recursos Humanos com afinidade financeira,"profissionais de recursos humanos com afinidade financeira, baseados em portugal, usuarios da boa vista servicos scpc",Programática,B2B & Indústria,Gestores & Coordenadores,conceito de audiência,vertical,Finanças & Seguros,Outros / revisar,"B2B, Enterprise & Indústria",B2B,cargo/função profissional | demográfico/socioeconômico | interesse/afinidade,Conhecimento | Consideração,média,mapear
72,"Empreendedores e indivíduos com interesse em negócios, com base em dados de atribuição de audiência Xandr","Empreendedores e indivíduos com interesse em negócios, com base em dados de atribuição de audiência","empreendedores e individuos com interesse em negocios, com base em dados de atribuicao de audiencia xandr",Programática,B2B & Indústria,Pequenos e Médios Empresários (PME),conceito de audiência,vertical,"B2B, Enterprise & Indústria",PMEs e empreendedores,,B2B,interesse/afinidade,Conhecimento | Consideração,alta,mapear
73,Novos Empreendedores Digitais Brasil,Novos Empreendedores Digitais Brasil,novos empreendedores digitais brasil,Programática,B2B & Indústria,Executivos C-Level & Diretores,conceito de audiência,vertical,"B2B, Enterprise & Indústria",PMEs e empreendedores,,B2B,,,alta,mapear
74,"Empreendedores B2B nos EUA que falam espanhol, identificados por MAID ID","Empreendedores B2B nos EUA que falam espanhol, identificados por MAID ID","empreendedores b2b nos eua que falam espanhol, identificados por maid id",Programática,B2B & Indústria,Pequenos e Médios Empresários (PME),conceito de audiência,vertical,"B2B, Enterprise & Indústria",PMEs e empreendedores,,B2B,,,alta,mapear
75,"Pessoas que demonstraram interesse em saúde, com foco em conteúdo do Catraca Livre.",Pessoas que demonstraram interesse em saúde,"pessoas que demonstraram interesse em saude, com foco em conteudo do catraca livre.",Programática,Saúde & Bem-estar,Fitness & Esportes (Praticantes),contexto/afinidade de conteúdo,vertical,"Saúde, Bem-estar & Beleza",Saúde e prevenção,,B2C,interesse/afinidade | consumo de conteúdo,Conhecimento | Consideração,alta,mapear
76,"Sócios de empresas nas áreas de saúde humana e serviços sociais, conforme dados da Boa Vista Serviços.",Sócios de empresas nas áreas de saúde humana e serviços sociais,"socios de empresas nas areas de saude humana e servicos sociais, conforme dados da boa vista servicos.",Programática,Saúde & Bem-estar,Fitness & Esportes (Praticantes),conceito de audiência,vertical,"Saúde, Bem-estar & Beleza",Saúde e prevenção,"B2B, Enterprise & Indústria",B2B,empresa/firmográfico,,média,mapear
77,"Profissionais de saúde, com validação da Boa Vista Serviços.",Profissionais de saúde,"profissionais de saude, com validacao da boa vista servicos.",Programática,Saúde & Bem-estar,Fitness & Esportes (Praticantes),conceito de audiência,vertical,"Saúde, Bem-estar & Beleza",Saúde e prevenção,"Entretenimento, Conteúdo & Esportes | B2B, Enterprise & Indústria",B2B,cargo/função profissional,,média,mapear
78,Pessoas ativamente engajadas com conteúdo sobre alimentação saudável,Pessoas ativamente engajadas com conteúdo sobre alimentação saudável,pessoas ativamente engajadas com conteudo sobre alimentacao saudavel,Programática,Saúde & Bem-estar,Alimentação Saudável & Dietas,contexto/afinidade de conteúdo,vertical,"Entretenimento, Conteúdo & Esportes","Cinema, séries e gêneros",,B2C,consumo de conteúdo,Conhecimento | Consideração,alta,mapear
79,"Pessoas interessadas em animais de estimação para a família (cães, gatos, etc.)","Pessoas interessadas em animais de estimação para a família (cães, gatos, etc.)","pessoas interessadas em animais de estimacao para a familia (caes, gatos, etc.)",Programática,Consumo & Varejo,Amantes de Pets,conceito de audiência,vertical,Varejo & Consumo,Pets,"Entretenimento, Conteúdo & Esportes",B2C,demográfico/socioeconômico | interesse/afinidade,Conhecimento | Consideração,média,mapear
80,"Pessoas interessadas especificamente em gatos, produtos e cuidados para gatos.","Pessoas interessadas especificamente em gatos, produtos e cuidados para gatos","pessoas interessadas especificamente em gatos, produtos e cuidados para gatos.",Programática,Consumo & Varejo,Amantes de Pets,conceito de audiência,vertical,Varejo & Consumo,Pets,,B2C,interesse/afinidade,Conhecimento | Consideração,alta,mapear
81,Pessoas interessadas ou considerando a adoção de animais de estimação.,Pessoas interessadas ou considerando a adoção de animais de estimação,pessoas interessadas ou considerando a adocao de animais de estimacao.,Programática,Consumo & Varejo,Amantes de Pets,conceito de audiência,vertical,"Entretenimento, Conteúdo & Esportes","Cinema, séries e gêneros",,B2C,interesse/afinidade,Conhecimento | Consideração,alta,mapear
82,"Pessoas interessadas especificamente em cachorros, produtos e cuidados para cães.","Pessoas interessadas especificamente em cachorros, produtos e cuidados para cães","pessoas interessadas especificamente em cachorros, produtos e cuidados para caes.",Programática,Consumo & Varejo,Amantes de Pets,conceito de audiência,vertical,Varejo & Consumo,Pets,,B2C,interesse/afinidade,Conhecimento | Consideração,alta,mapear
83,Pessoas com comportamento de compra ativo para produtos de pet shop e serviços relacionados a animais de estimação,Pessoas com comportamento de compra ativo para produtos de pet shop e serviços relacionados a animais de estimação,pessoas com comportamento de compra ativo para produtos de pet shop e servicos relacionados a animais de estimacao,Programática,Consumo & Varejo,Amantes de Pets,conceito de audiência,vertical,Varejo & Consumo,Pets,"Entretenimento, Conteúdo & Esportes",B2C,,,média,mapear
84,"Pessoas interessadas em moda, beleza e estilo pessoal","Pessoas interessadas em moda, beleza e estilo pessoal","pessoas interessadas em moda, beleza e estilo pessoal",Programática,Saúde & Bem-estar,"Beleza & Cosméticos (Skincare, Maquiagem)",conceito de audiência,vertical,Varejo & Consumo,"Moda, beleza e acessórios","Saúde, Bem-estar & Beleza",B2C,interesse/afinidade,Conhecimento | Consideração,média,mapear
85,"Audiência especial da Navegg interessada em saúde e beleza, focada em ""Dia do Consumidor"".","saúde e beleza, focada em ""Dia do Consumidor""","audiencia especial da navegg interessada em saude e beleza, focada em ""dia do consumidor"".",Programática,Saúde & Bem-estar,"Beleza & Cosméticos (Skincare, Maquiagem)",conceito de audiência,vertical,"Saúde, Bem-estar & Beleza",Saúde e prevenção,,B2C,interesse/afinidade,Conhecimento | Consideração,alta,mapear
86,"Mulheres com alta probabilidade de compra de cosméticos, baseadas em dados de compras de bens de consumo embalados (CPG)","Mulheres com alta probabilidade de compra de cosméticos, baseadas em dados de compras de bens de consumo embalados (CPG)","mulheres com alta probabilidade de compra de cosmeticos, baseadas em dados de compras de bens de consumo embalados (cpg)",Programática,Saúde & Bem-estar,"Beleza & Cosméticos (Skincare, Maquiagem)",conceito de audiência,vertical,Varejo & Consumo,"Moda, beleza e acessórios",,B2C,demográfico/socioeconômico,,alta,mapear
87,"Homens prováveis compradores de cosméticos, baseados em dados de compras de bens de consumo embalados (CPG) na categoria de saúde e beleza.","Homens prováveis compradores de cosméticos, baseados em dados de compras de bens de consumo embalados (CPG) na categoria de saúde e beleza","homens provaveis compradores de cosmeticos, baseados em dados de compras de bens de consumo embalados (cpg) na categoria de saude e beleza.",Programática,Saúde & Bem-estar,"Beleza & Cosméticos (Skincare, Maquiagem)",conceito de audiência,vertical,Varejo & Consumo,Compradores e e-commerce,"Saúde, Bem-estar & Beleza",B2C,compra/consumo observado,Consideração | Conversão,média,mapear
88,Interesse em Home-Building: Pessoas interessadas em construção e casa.,Interesse em Home-Building: Pessoas interessadas em construção e casa,interesse em home-building: pessoas interessadas em construcao e casa.,Programática,B2B & Indústria,Construção & Reforma,conceito de audiência,vertical,Imobiliário & Construção,"Construção, reforma e materiais",,B2C,interesse/afinidade,Conhecimento | Consideração,alta,mapear
89,In-Market Home and Building: Pessoas atualmente buscando ou pesquisando por coisas relacionadas a casa e construção,In-Market Home and Building: Pessoas atualmente buscando ou pesquisando por coisas relacionadas a casa e construção,in-market home and building: pessoas atualmente buscando ou pesquisando por coisas relacionadas a casa e construcao,Programática,B2B & Indústria,Construção & Reforma,conceito de audiência,vertical,Imobiliário & Construção,"Construção, reforma e materiais",,B2C,intenção de compra,Consideração | Conversão,alta,mapear
90,In-Market Materiais de Construção: Pessoas atualmente buscando ou pesquisando por materiais de construção.,In-Market Materiais de Construção: Pessoas atualmente buscando ou pesquisando por materiais de construção,in-market materiais de construcao: pessoas atualmente buscando ou pesquisando por materiais de construcao.,Programática,B2B & Indústria,Construção & Reforma,conceito de audiência,vertical,Imobiliário & Construção,"Construção, reforma e materiais",,B2C,intenção de compra,Consideração | Conversão,alta,mapear
91,Sócios de Empresas de Atividades Imobiliárias,Sócios de Empresas de Atividades Imobiliárias,socios de empresas de atividades imobiliarias,Programática,B2B & Indústria,Investidores Imobiliários,conceito de audiência,vertical,Imobiliário & Construção,Empresas e profissionais imobiliários,"B2B, Enterprise & Indústria",B2B,empresa/firmográfico | demográfico/socioeconômico,,média,mapear
92,Everybuyer Casa e Construção: Compradores frequentes e interessados em produtos e serviços relacionados a casa e construção.,Everybuyer Casa e Construção: Compradores frequentes e interessados em produtos e serviços relacionados a casa e construção,everybuyer casa e construcao: compradores frequentes e interessados em produtos e servicos relacionados a casa e construcao.,Programática,B2B & Indústria,Investidores Imobiliários,conceito de audiência,vertical,Imobiliário & Construção,Compra e lançamentos,Varejo & Consumo,B2C,compra/consumo observado | interesse/afinidade,Conhecimento | Consideração | Conversão,média,mapear
93,Audiências Especiais Navegg - Imóveis Casa Nova,Imóveis Casa Nova,audiencias especiais navegg - imoveis casa nova,Programática,B2B & Indústria,Investidores Imobiliários,conceito de audiência,vertical,Imobiliário & Construção,Compra e lançamentos,,Transversal/indefinido,,,alta,mapear
94,"Público-alvo Navegg no mercado de Saúde, interessado em cuidados para bebês e higiene infantil.",cuidados para bebês e higiene infantil,"publico-alvo navegg no mercado de saude, interessado em cuidados para bebes e higiene infantil.",Programática,Saúde & Bem-estar,Maternidade & Cuidados com o Bebê,conceito de audiência,vertical,"Saúde, Bem-estar & Beleza",Saúde e prevenção,"Entretenimento, Conteúdo & Esportes",B2C,interesse/afinidade,Conhecimento | Consideração,média,mapear
95,"Público-alvo Navegg no mercado de Saúde, interessado em higiene pessoal.",higiene pessoal,"publico-alvo navegg no mercado de saude, interessado em higiene pessoal.",Programática,Saúde & Bem-estar,Alimentação Saudável & Dietas,conceito de audiência,vertical,"Saúde, Bem-estar & Beleza",Saúde e prevenção,,B2C,interesse/afinidade,Conhecimento | Consideração,alta,mapear
96,"Pessoas interessadas em investimentos no mercado de ações, incluindo bolsa de valores, ações de crescimento e de alta e baixa capitalização.","Pessoas interessadas em investimentos no mercado de ações, incluindo bolsa de valores, ações de crescimento e de alta e baixa capitalização","pessoas interessadas em investimentos no mercado de acoes, incluindo bolsa de valores, acoes de crescimento e de alta e baixa capitalizacao.",Programática,Finanças & Seguros,"Investimentos (Ações, Fundos)",conceito de audiência,vertical,Finanças & Seguros,Investimentos e patrimônio,"Entretenimento, Conteúdo & Esportes",B2C,interesse/afinidade,Conhecimento | Consideração,média,mapear
97,Pessoas interessadas em investimentos no mercado de ações e finanças em geral.,Pessoas interessadas em investimentos no mercado de ações e finanças em geral,pessoas interessadas em investimentos no mercado de acoes e financas em geral.,Programática,Finanças & Seguros,"Investimentos (Ações, Fundos)",conceito de audiência,vertical,Finanças & Seguros,Investimentos e patrimônio,,B2C,interesse/afinidade,Conhecimento | Consideração,alta,mapear
98,"Consumidores com afinidade por finanças e investimentos, especificamente interessados em negociação de ações online","Consumidores com afinidade por finanças e investimentos, especificamente interessados em negociação de ações online","consumidores com afinidade por financas e investimentos, especificamente interessados em negociacao de acoes online",Programática,Finanças & Seguros,"Investimentos (Ações, Fundos)",conceito de audiência,vertical,Finanças & Seguros,Investimentos e patrimônio,"Entretenimento, Conteúdo & Esportes",B2C,compra/consumo observado | demográfico/socioeconômico | interesse/afinidade,Conhecimento | Consideração | Conversão,média,mapear
99,"Público B2B no setor financeiro, com interesse em investimentos.","Público B2B no setor financeiro, com interesse em investimentos","publico b2b no setor financeiro, com interesse em investimentos.",Programática,Finanças & Seguros,"Investimentos (Ações, Fundos)",conceito de audiência,vertical,Finanças & Seguros,Investimentos e patrimônio,"B2B, Enterprise & Indústria",B2B,interesse/afinidade,Conhecimento | Consideração,média,mapear
100,"Público interessado em futebol no Brasil, na América Latina.","Público interessado em futebol no Brasil, na América Latina","publico interessado em futebol no brasil, na america latina.",Programática,Entretenimento & Mídia,Gamers (Jogadores de PC/Console),conceito de audiência,vertical,"Entretenimento, Conteúdo & Esportes",Esportes e futebol,,B2C,interesse/afinidade,Conhecimento | Consideração,alta,mapear
101,"Fãs de esportes, abrange interesses em diversos esportes.","Fãs de esportes, abrange interesses em diversos esportes","fas de esportes, abrange interesses em diversos esportes.",Programática,Entretenimento & Mídia,Gamers (Jogadores de PC/Console),contexto/afinidade de conteúdo,vertical,"Entretenimento, Conteúdo & Esportes",Esportes e futebol,,B2C,interesse/afinidade,Conhecimento | Consideração,alta,mapear
102,"Público amplo interessado em esportes, compradores gerais.","Público amplo interessado em esportes, compradores gerais","publico amplo interessado em esportes, compradores gerais.",Programática,Entretenimento & Mídia,Gamers (Jogadores de PC/Console),conceito de audiência,vertical,Varejo & Consumo,Compradores e e-commerce,"Entretenimento, Conteúdo & Esportes",B2C,compra/consumo observado | interesse/afinidade,Conhecimento | Consideração | Conversão,média,mapear
103,"Público global com interesse em futebol, através de parceiros Terra e VivoAds.","Público global com interesse em futebol, através de parceiros Terra e VivoAds","publico global com interesse em futebol, atraves de parceiros terra e vivoads.",Programática,Entretenimento & Mídia,Gamers (Jogadores de PC/Console),conceito de audiência,vertical,"Entretenimento, Conteúdo & Esportes",Esportes e futebol,,Transversal/indefinido,interesse/afinidade,Conhecimento | Consideração,alta,mapear
104,Público no mercado para comprar camisas de times de futebol,Público no mercado para comprar camisas de times de futebol,publico no mercado para comprar camisas de times de futebol,Programática,Entretenimento & Mídia,Gamers (Jogadores de PC/Console),conceito de audiência,vertical,"Entretenimento, Conteúdo & Esportes",Esportes e futebol,,Transversal/indefinido,,,alta,mapear
105,Público altamente apaixonado e viciado em futebol,Público altamente apaixonado e viciado em futebol,publico altamente apaixonado e viciado em futebol,Programática,Entretenimento & Mídia,Gamers (Jogadores de PC/Console),conceito de audiência,vertical,"Entretenimento, Conteúdo & Esportes",Esportes e futebol,,Transversal/indefinido,,,alta,mapear
106,"Pessoas cursando ensino médio profissionalizante, com interesse em educação, falantes de português","Pessoas cursando ensino médio profissionalizante, com interesse em educação, falantes de português","pessoas cursando ensino medio profissionalizante, com interesse em educacao, falantes de portugues",Programática,Educação & Carreira,Cursos Profissionalizantes & Idiomas,conceito de audiência,vertical,Educação & Carreira,Ensino básico e famílias,"Entretenimento, Conteúdo & Esportes | B2B, Enterprise & Indústria",Híbrido,cargo/função profissional | interesse/afinidade,Conhecimento | Consideração,média,mapear
107,"Pessoas cursando ensino médio, com interesse em educação, falantes de português.","Pessoas cursando ensino médio, com interesse em educação, falantes de português","pessoas cursando ensino medio, com interesse em educacao, falantes de portugues.",Programática,Educação & Carreira,Cursos Profissionalizantes & Idiomas,conceito de audiência,vertical,Educação & Carreira,Ensino básico e famílias,"Entretenimento, Conteúdo & Esportes",B2C,interesse/afinidade,Conhecimento | Consideração,média,mapear
108,"Adultos com interesse em educação, buscando cursos ou informações sobre educação para adultos","Adultos com interesse em educação, buscando cursos ou informações sobre educação para adultos","adultos com interesse em educacao, buscando cursos ou informacoes sobre educacao para adultos",Programática,Educação & Carreira,Ensino Superior (Graduação & Pós),conceito de audiência,vertical,Finanças & Seguros,Investimentos e patrimônio,"Educação & Carreira | Entretenimento, Conteúdo & Esportes",B2C,intenção de compra | interesse/afinidade,Conhecimento | Consideração | Conversão,média,mapear
109,Pessoas com intenção de compra de cursos online ou matrículas em escolas,Pessoas com intenção de compra de cursos online ou matrículas em escolas,pessoas com intencao de compra de cursos online ou matriculas em escolas,Programática,Educação & Carreira,Ensino Superior (Graduação & Pós),conceito de audiência,vertical,Educação & Carreira,Ensino básico e famílias,,B2C,intenção de compra,Consideração | Conversão,alta,mapear
110,Pessoas com interesse em aprender ou praticar línguas estrangeiras,Pessoas com interesse em aprender ou praticar línguas estrangeiras,pessoas com interesse em aprender ou praticar linguas estrangeiras,Programática,Educação & Carreira,Cursos Profissionalizantes & Idiomas,conceito de audiência,vertical,Educação & Carreira,Outros / revisar,"B2B, Enterprise & Indústria",B2C,interesse/afinidade,Conhecimento | Consideração,média,mapear
111,Profissionais Qualificados e Conectados,Profissionais Qualificados e Conectados,profissionais qualificados e conectados,Programática,Educação & Carreira,Ensino Superior (Graduação & Pós),conceito de audiência,vertical,"B2B, Enterprise & Indústria",Outros / revisar,,B2B,cargo/função profissional,,média,mapear
112,Interesse em nutrição e alimentação infantil,Interesse em nutrição e alimentação infantil,interesse em nutricao e alimentacao infantil,Programática,Consumo & Varejo,Foodies & Gourmets,conceito de audiência,vertical,"Saúde, Bem-estar & Beleza",Nutrição e alimentação saudável,"Entretenimento, Conteúdo & Esportes",Transversal/indefinido,interesse/afinidade,Conhecimento | Consideração,média,mapear
113,Compradores frequentes de alimentos e bebidas,Compradores frequentes de alimentos e bebidas,compradores frequentes de alimentos e bebidas,Programática,Consumo & Varejo,Foodies & Gourmets,conceito de audiência,vertical,Varejo & Consumo,Compradores e e-commerce,,B2C,compra/consumo observado,Consideração | Conversão,alta,mapear
114,Pessoas com afinidade pela marca Yoshinoya e interessadas em fast food,Pessoas com afinidade pela marca Yoshinoya e interessadas em fast food,pessoas com afinidade pela marca yoshinoya e interessadas em fast food,Programática,Consumo & Varejo,Foco em Comida Rápida (Fast Food),conceito de audiência,vertical,Varejo & Consumo,"Alimentos, bebidas e gastronomia",,B2C,demográfico/socioeconômico | interesse/afinidade,Conhecimento | Consideração,alta,mapear
115,Usuários de aplicativos de entrega de comida (Delivery),Usuários de aplicativos de entrega de comida (Delivery),usuarios de aplicativos de entrega de comida (delivery),Programática,Consumo & Varejo,Consumidores de Delivery,conceito de audiência,vertical,Varejo & Consumo,Supermercados e delivery,,Transversal/indefinido,compra/consumo observado,Consideração | Conversão,alta,mapear
116,Interesse em alimentação saudável e bem-estar,Interesse em alimentação saudável e bem-estar,interesse em alimentacao saudavel e bem-estar,Programática,Consumo & Varejo,Foodies & Gourmets,conceito de audiência,vertical,"Saúde, Bem-estar & Beleza",Nutrição e alimentação saudável,"Entretenimento, Conteúdo & Esportes",Transversal/indefinido,interesse/afinidade,Conhecimento | Consideração,média,mapear
117,Trabalhadores do Agronegócio e Indústria em Pequenas Cidades,Trabalhadores do Agronegócio e Indústria em Pequenas Cidades,trabalhadores do agronegocio e industria em pequenas cidades,Programática,Consumo & Varejo,Público Eco-consciente / Sustentável,conceito de audiência,vertical,Agronegócio,Outros / revisar,"B2B, Enterprise & Indústria",B2B,empresa/firmográfico | demográfico/socioeconômico,,média,mapear
118,Profissionais Agroindústria Sustentável Brasil,Profissionais Agroindústria Sustentável Brasil,profissionais agroindustria sustentavel brasil,Programática,Consumo & Varejo,Alta Renda,conceito de audiência,vertical,"B2B, Enterprise & Indústria",Indústria e manufatura,,B2B,cargo/função profissional | empresa/firmográfico,,alta,mapear
120,"Produtores rurais, com dados demográficos fornecidos pela Serasa Experian.","Produtores rurais, com dados demográficos fornecidos pela","produtores rurais, com dados demograficos fornecidos pela serasa experian.",Programática,Consumo & Varejo,Alta Renda,conceito de audiência,vertical,Agronegócio,Produtores rurais,,Transversal/indefinido,,,alta,mapear
124,Interesse em Agronegócios e Setor Agro,Interesse em Agronegócios e Setor Agro,interesse em agronegocios e setor agro,Programática,B2B & Indústria,Negócios para Agronegócios,conceito de audiência,vertical,Agronegócio,Outros / revisar,,Transversal/indefinido,interesse/afinidade,Conhecimento | Consideração,média,mapear
125,Interesse em Pecuária,Interesse em Pecuária,interesse em pecuaria,Programática,B2B & Indústria,Pecuária para Agronegócios,conceito de audiência,vertical,Agronegócio,Pecuária,,Transversal/indefinido,interesse/afinidade,Conhecimento | Consideração,alta,mapear
126,Profissionais em Agronegócios e Veterinária,Profissionais em Agronegócios e Veterinária,profissionais em agronegocios e veterinaria,Programática,B2B & Indústria,Veterinária para Agronegócios,conceito de audiência,vertical,Agronegócio,Veterinária e saúde animal,"B2B, Enterprise & Indústria",B2B,cargo/função profissional,,média,mapear
127,Audiência Especial de Agronegócio (Predicta),Agronegócio,audiencia especial de agronegocio (predicta),Programática,B2B & Indústria,Negócios para Agronegócios,conceito de audiência,vertical,Agronegócio,Outros / revisar,,Transversal/indefinido,,,média,mapear
128,Pessoas com intenção de compra de equipamentos agrícolas e para agroindústria,Pessoas com intenção de compra de equipamentos agrícolas e para agroindústria,pessoas com intencao de compra de equipamentos agricolas e para agroindustria,Programática,B2B & Indústria,Serviços e Equipamentos para Agronegócios,conceito de audiência,vertical,Agronegócio,Máquinas e equipamentos,"B2B, Enterprise & Indústria",Híbrido,intenção de compra | empresa/firmográfico,Consideração | Conversão,média,mapear
129,Audiência Especial RankMyApp/Banco ABC focada em Agronegócio,Agronegócio,audiencia especial rankmyapp/banco abc focada em agronegocio,Programática,B2B & Indústria,Negócios para Agronegócios,conceito de audiência,vertical,Agronegócio,Outros / revisar,Finanças & Seguros,Transversal/indefinido,,,média,mapear
130,Audiência Especial de Agronegócio (Redmedia),Agronegócio (Redmedia),audiencia especial de agronegocio (redmedia),Programática,B2B & Indústria,Negócios para Agronegócios,conceito de audiência,vertical,Agronegócio,Outros / revisar,,Transversal/indefinido,,,média,mapear
131,"Público interessado em agronegócio, especificamente no setor de fertilizantes e insumos agrícolas","Público interessado em agronegócio, especificamente no setor de fertilizantes e insumos agrícolas","publico interessado em agronegocio, especificamente no setor de fertilizantes e insumos agricolas",Programática,B2B & Indústria,Fertilizantes para Agronegócios,conceito de audiência,vertical,Agronegócio,Insumos e fertilizantes,,B2C,interesse/afinidade,Conhecimento | Consideração,alta,mapear
132,Profissionais do setor de Logística e Transportes,Profissionais do setor de Logística e Transportes,profissionais do setor de logistica e transportes,Programática,Mobilidade,Profissionais com interesse em transportes,conceito de audiência,vertical,"Automotivo, Mobilidade & Logística",Logística e transporte de cargas,"B2B, Enterprise & Indústria",B2B,cargo/função profissional,,média,mapear
133,Empresas com intenção de compra de serviços de logística e transporte,Empresas com intenção de compra de serviços de logística e transporte,empresas com intencao de compra de servicos de logistica e transporte,Programática,Mobilidade,Negócios e serviços,conceito de audiência,vertical,"Automotivo, Mobilidade & Logística",Compra e troca de veículos,"B2B, Enterprise & Indústria",Híbrido,intenção de compra | empresa/firmográfico,Consideração | Conversão,média,mapear
134,Visitantes físicos da Drogaria Boa Saúde no Brasil,Visitantes físicos da Drogaria Boa Saúde no Brasil,visitantes fisicos da drogaria boa saude no brasil,Programática,Saúde & Bem-estar,Fitness & Esportes (Praticantes),conceito de audiência,vertical,"Saúde, Bem-estar & Beleza",Saúde e prevenção,,B2C,visitação/localização,Consideração | Conversão,alta,mapear
135,Interesse em Saúde e Bem-estar identificado em múltiplos dispositivos,Interesse em Saúde e Bem-estar identificado em múltiplos dispositivos,interesse em saude e bem-estar identificado em multiplos dispositivos,Programática,Saúde & Bem-estar,Fitness & Esportes (Praticantes),conceito de audiência,vertical,"Saúde, Bem-estar & Beleza",Saúde e prevenção,,Transversal/indefinido,interesse/afinidade,Conhecimento | Consideração,alta,mapear
136,Pessoas com intenção de compra de Utensílios Médicos (dados Buscapé),Pessoas com intenção de compra de Utensílios Médicos (dados Buscapé),pessoas com intencao de compra de utensilios medicos (dados buscape),Programática,Saúde & Bem-estar,Utensílios médicos,conceito de audiência,vertical,"Saúde, Bem-estar & Beleza",Produtos e equipamentos médicos,,B2C,intenção de compra,Consideração | Conversão,alta,mapear
137,Audiência semelhante (Lookalike) a interessados em Plano de Saúde,Audiência semelhante (Lookalike) a interessados em Plano de Saúde,audiencia semelhante (lookalike) a interessados em plano de saude,Programática,Saúde & Bem-estar,Planos de saúde,tática de ativação,transversal,,,"Saúde, Bem-estar & Beleza",B2C,modelado/lookalike | interesse/afinidade,Conhecimento | Consideração,alta,mapear
138,Audiência sazonal para o Dia do Consumidor interessada em Saúde e Beleza,Audiência sazonal para o Dia do Consumidor interessada em Saúde e Beleza,audiencia sazonal para o dia do consumidor interessada em saude e beleza,Programática,Saúde & Bem-estar,Fitness & Esportes (Praticantes),conceito de audiência,vertical,"Saúde, Bem-estar & Beleza",Saúde e prevenção,,B2C,interesse/afinidade,Conhecimento | Consideração,alta,mapear
139,Pessoas com intenção de compra de Plano de Saúde,Pessoas com intenção de compra de Plano de Saúde,pessoas com intencao de compra de plano de saude,Programática,Saúde & Bem-estar,Planos de saúde,conceito de audiência,vertical,"Saúde, Bem-estar & Beleza",Saúde e prevenção,,B2C,intenção de compra,Consideração | Conversão,alta,mapear
140,"Profissionais de Arquitetura, Decoração e Urbanismo (Dados Serasa Experian)","Profissionais de Arquitetura, Decoração e Urbanismo","profissionais de arquitetura, decoracao e urbanismo (dados serasa experian)",Programática,B2B & Indústria,Construção & Reforma,conceito de audiência,vertical,Imobiliário & Construção,"Arquitetura, decoração e urbanismo","Entretenimento, Conteúdo & Esportes | B2B, Enterprise & Indústria",B2B,cargo/função profissional,,média,mapear
141,Profissionais de Engenharia e Arquitetura (Dados Boa Vista SCPC),Profissionais de Engenharia e Arquitetura,profissionais de engenharia e arquitetura (dados boa vista scpc),Programática,B2B & Indústria,Construção & Reforma,conceito de audiência,vertical,Imobiliário & Construção,"Arquitetura, decoração e urbanismo","B2B, Enterprise & Indústria",B2B,cargo/função profissional,,média,mapear
142,"Interessados em Arquitetura, Construção ou Reforma (Lookalike)","Interessados em Arquitetura, Construção ou Reforma (Lookalike)","interessados em arquitetura, construcao ou reforma (lookalike)",Programática,B2B & Indústria,Construção & Reforma,tática de ativação,transversal,,,Imobiliário & Construção,B2C,modelado/lookalike | interesse/afinidade,Conhecimento | Consideração,alta,mapear
144,"Público brasileiro com afinidade em viagem e turismo, utilizando dados da Serasa Experian.",Público brasileiro com afinidade em viagem e turismo,"publico brasileiro com afinidade em viagem e turismo, utilizando dados da serasa experian.",Programática,Mobilidade,Viajantes a Lazer (Nacional),conceito de audiência,vertical,Serviços ao Consumidor,Turismo e hospitalidade,,Transversal/indefinido,demográfico/socioeconômico | interesse/afinidade,Conhecimento | Consideração,alta,mapear
145,"Usuários com interesse em viagens, baseado em dados do parceiro Catraca Livre.",Usuários com interesse em viagens,"usuarios com interesse em viagens, baseado em dados do parceiro catraca livre.",Programática,Mobilidade,Viajantes a Lazer (Nacional),conceito de audiência,vertical,Serviços ao Consumidor,Turismo e hospitalidade,,Transversal/indefinido,interesse/afinidade,Conhecimento | Consideração,alta,mapear
146,"Usuários com intenção de compra (in-market) muito recente (7 dias) em viagem e turismo, relacionado a Black Friday/Cyber Monday","Usuários com intenção de compra (in-market) muito recente (7 dias) em viagem e turismo, relacionado a Black Friday/Cyber Monday","usuarios com intencao de compra (in-market) muito recente (7 dias) em viagem e turismo, relacionado a black friday/cyber monday",Programática,Mobilidade,Planejando Férias (Intenção),conceito de audiência,vertical,Varejo & Consumo,Ofertas e sazonalidades,Serviços ao Consumidor,B2C,intenção de compra,Consideração | Conversão,média,mapear
147,"Usuários com intenção de compra (in-market) recente (15 dias) em viagem e turismo, relacionado a Black Friday/Cyber Monday","Usuários com intenção de compra (in-market) recente (15 dias) em viagem e turismo, relacionado a Black Friday/Cyber Monday","usuarios com intencao de compra (in-market) recente (15 dias) em viagem e turismo, relacionado a black friday/cyber monday",Programática,Mobilidade,Planejando Férias (Intenção),conceito de audiência,vertical,Varejo & Consumo,Ofertas e sazonalidades,Serviços ao Consumidor,B2C,intenção de compra,Consideração | Conversão,média,mapear
148,Perfil (Persona) de consumidores que buscam viagens durante o período do Natal,Perfil (Persona) de consumidores que buscam viagens durante o período do Natal,perfil (persona) de consumidores que buscam viagens durante o periodo do natal,Programática,Mobilidade,Planejando Férias (Intenção),conceito de audiência,vertical,Serviços ao Consumidor,Turismo e hospitalidade,,B2C,compra/consumo observado,Consideração | Conversão,alta,mapear
149,Perfil (Persona) focado em planejamento e consumo de turismo para o Ano Novo/Réveillon,Perfil (Persona) focado em planejamento e consumo de turismo para o Ano Novo/Réveillon,perfil (persona) focado em planejamento e consumo de turismo para o ano novo/reveillon,Programática,Mobilidade,Planejando Férias (Intenção),conceito de audiência,vertical,Serviços ao Consumidor,Turismo e hospitalidade,,Transversal/indefinido,,,alta,mapear
150,Público com interesse em 'Mobile Gaming' (branding 'The Enemy'),Público com interesse em 'Mobile Gaming' (branding 'The Enemy'),publico com interesse em 'mobile gaming' (branding 'the enemy'),Programática,Entretenimento & Mídia,Gamers (Jogadores de PC/Console),conceito de audiência,vertical,"Entretenimento, Conteúdo & Esportes",Outros / revisar,,Transversal/indefinido,interesse/afinidade,Conhecimento | Consideração,média,mapear
151,Audiência especial com interesse em 'Jogos de Tabuleiro' (branding 'The Enemy'),Audiência especial com interesse em 'Jogos de Tabuleiro' (branding 'The Enemy'),audiencia especial com interesse em 'jogos de tabuleiro' (branding 'the enemy'),Programática,Entretenimento & Mídia,Gamers (Jogadores de PC/Console),conceito de audiência,vertical,"Entretenimento, Conteúdo & Esportes",Games,,Transversal/indefinido,interesse/afinidade,Conhecimento | Consideração,alta,mapear
152,Público com interesse em 'Playstation' (branding 'The Enemy'),Público com interesse em 'Playstation' (branding 'The Enemy'),publico com interesse em 'playstation' (branding 'the enemy'),Programática,Entretenimento & Mídia,Gamers (Jogadores de PC/Console),conceito de audiência,vertical,"Entretenimento, Conteúdo & Esportes",Games,,Transversal/indefinido,interesse/afinidade,Conhecimento | Consideração,média,mapear
153,Nintendo Lovers Brasil,Nintendo Lovers Brasil,nintendo lovers brasil,Programática,Entretenimento & Mídia,Gamers (Jogadores de PC/Console),conceito de audiência,vertical,"Entretenimento, Conteúdo & Esportes",Games,,Transversal/indefinido,,,média,mapear
154,Público com interesse em 'PC Gaming' (branding 'The Enemy'),Público com interesse em 'PC Gaming' (branding 'The Enemy'),publico com interesse em 'pc gaming' (branding 'the enemy'),Programática,Entretenimento & Mídia,Gamers (Jogadores de PC/Console),conceito de audiência,vertical,"Entretenimento, Conteúdo & Esportes",Outros / revisar,,Transversal/indefinido,interesse/afinidade,Conhecimento | Consideração,média,mapear
155,Gamers Xbox Brasil Engajados,Gamers Xbox Brasil Engajados,gamers xbox brasil engajados,Programática,Entretenimento & Mídia,Gamers (Jogadores de PC/Console),conceito de audiência,vertical,"Entretenimento, Conteúdo & Esportes",Games,,Transversal/indefinido,,,alta,mapear
156,Público semelhante com interesse em 'Jogos Eletrônicos' (branding 'The Enemy'),Público semelhante com interesse em 'Jogos Eletrônicos' (branding 'The Enemy'),publico semelhante com interesse em 'jogos eletronicos' (branding 'the enemy'),Programática,Entretenimento & Mídia,Gamers (Jogadores de PC/Console),conceito de audiência,vertical,Varejo & Consumo,Eletrônicos e eletrodomésticos,"Entretenimento, Conteúdo & Esportes",Transversal/indefinido,modelado/lookalike | interesse/afinidade,Conhecimento | Consideração,média,mapear
157,Profissionais Jurídicos Conectados Brasil,Profissionais Jurídicos Conectados Brasil,profissionais juridicos conectados brasil,Programática,Finanças & Seguros,"Serviços Bancários (Contas, Cartões)",conceito de audiência,vertical,Serviços ao Consumidor,Jurídico e contabilidade,"B2B, Enterprise & Indústria",B2B,cargo/função profissional,,média,mapear
158,Público com intenção de compra (In-Market) em serviços advocatícios e jurídicos para empresas,Público com intenção de compra (In-Market) em serviços advocatícios e jurídicos para empresas,publico com intencao de compra (in-market) em servicos advocaticios e juridicos para empresas,Programática,Finanças & Seguros,"Serviços Bancários (Contas, Cartões)",conceito de audiência,vertical,Serviços ao Consumidor,Jurídico e contabilidade,"B2B, Enterprise & Indústria",Híbrido,intenção de compra | empresa/firmográfico,Consideração | Conversão,média,mapear
159,Intenção de compra de alimentos e petiscos para cachorros,Intenção de compra de alimentos e petiscos para cachorros,intencao de compra de alimentos e petiscos para cachorros,Programática,Consumo & Varejo,Amantes de Pets,conceito de audiência,vertical,Varejo & Consumo,"Alimentos, bebidas e gastronomia",,B2C,intenção de compra,Consideração | Conversão,alta,mapear
160,Intenção de compra de produtos para cachorros,Intenção de compra de produtos para cachorros,intencao de compra de produtos para cachorros,Programática,Consumo & Varejo,Amantes de Pets,conceito de audiência,vertical,Varejo & Consumo,Pets,,B2C,intenção de compra,Consideração | Conversão,alta,mapear
161,Intenção de compra de brinquedos para cachorros,Intenção de compra de brinquedos para cachorros,intencao de compra de brinquedos para cachorros,Programática,Consumo & Varejo,Amantes de Pets,conceito de audiência,vertical,Varejo & Consumo,Pets,,B2C,intenção de compra,Consideração | Conversão,alta,mapear
162,Intenção de compra de produtos de higiene para cachorros,Intenção de compra de produtos de higiene para cachorros,intencao de compra de produtos de higiene para cachorros,Programática,Consumo & Varejo,Amantes de Pets,conceito de audiência,vertical,Varejo & Consumo,Pets,"Saúde, Bem-estar & Beleza",B2C,intenção de compra,Consideração | Conversão,média,mapear
163,Intenção de compra de produtos antipulgas e carrapatos para cachorros,Intenção de compra de produtos antipulgas e carrapatos para cachorros,intencao de compra de produtos antipulgas e carrapatos para cachorros,Programática,Consumo & Varejo,Amantes de Pets,conceito de audiência,vertical,Varejo & Consumo,Pets,,B2C,intenção de compra,Consideração | Conversão,alta,mapear
164,Público com conexão ou vínculo com o meio acadêmico e universitário,Público com conexão ou vínculo com o meio acadêmico e universitário,publico com conexao ou vinculo com o meio academico e universitario,Programática,Educação & Carreira,Ensino Superior (Graduação & Pós),conceito de audiência,vertical,Educação & Carreira,Graduação e pós-graduação,,Transversal/indefinido,,,alta,mapear
165,"Público com interesse em negócios e pedagogia, focado em educação e ensino","Público com interesse em negócios e pedagogia, focado em educação e ensino","publico com interesse em negocios e pedagogia, focado em educacao e ensino",Programática,Educação & Carreira,Pais de Estudantes,conceito de audiência,vertical,Educação & Carreira,Outros / revisar,"Entretenimento, Conteúdo & Esportes",Transversal/indefinido,interesse/afinidade,Conhecimento | Consideração,média,mapear
166,"Público interessado nos Jogos Olímpicos de Verão, atletas e excelência esportiva (foco em Paris 2024)","Público interessado nos Jogos Olímpicos de Verão, atletas e excelência esportiva (foco em Paris 2024)","publico interessado nos jogos olimpicos de verao, atletas e excelencia esportiva (foco em paris 2024)",Programática,Saúde & Bem-estar,Fitness & Esportes (Praticantes),conceito de audiência,vertical,"Entretenimento, Conteúdo & Esportes",Esportes e futebol,,B2C,interesse/afinidade,Conhecimento | Consideração,alta,mapear
167,"Profissionais de Educação Física, Personal Trainers e Atletas","Profissionais de Educação Física, Personal Trainers e Atletas","profissionais de educacao fisica, personal trainers e atletas",Programática,Saúde & Bem-estar,Fitness & Esportes (Praticantes),conceito de audiência,vertical,"Saúde, Bem-estar & Beleza",Profissionais e empresas de saúde,"Educação & Carreira | Entretenimento, Conteúdo & Esportes | B2B, Enterprise & Indústria",B2B,cargo/função profissional,,média,mapear
168,"Público interessado nos Jogos Paralímpicos de Verão, para-atletas e excelência esportiva (foco em Paris 2024)","Público interessado nos Jogos Paralímpicos de Verão, para-atletas e excelência esportiva (foco em Paris 2024)","publico interessado nos jogos paralimpicos de verao, para-atletas e excelencia esportiva (foco em paris 2024)",Programática,Saúde & Bem-estar,Fitness & Esportes (Praticantes),conceito de audiência,vertical,"Entretenimento, Conteúdo & Esportes",Games,,B2C,interesse/afinidade,Conhecimento | Consideração,alta,mapear
169,Público com potencial para trocar de carro,Público com potencial para trocar de carro,publico com potencial para trocar de carro,Programática,Mobilidade,Intenção de Compra (Carros Novos),conceito de audiência,vertical,"Automotivo, Mobilidade & Logística",Compra e troca de veículos,,Transversal/indefinido,,,alta,mapear
170,Motoristas e entregadores de aplicativos,Motoristas e entregadores de aplicativos,motoristas e entregadores de aplicativos,Programática,Mobilidade,Serviços & Manutenção Automotiva,conceito de audiência,vertical,"Automotivo, Mobilidade & Logística",Categorias de veículos,,Transversal/indefinido,,,alta,mapear
171,"Pessoas no Brasil com interesse em carros, especificamente sedãs compactos","Pessoas no Brasil com interesse em carros, especificamente sedãs compactos","pessoas no brasil com interesse em carros, especificamente sedas compactos",Programática,Mobilidade,Entusiastas de Carros (Luxo/Esportivos),conceito de audiência,vertical,"Automotivo, Mobilidade & Logística",Outros / revisar,,B2C,interesse/afinidade,Conhecimento | Consideração,média,mapear
172,Pessoas no Brasil com faixa de renda pessoal estimada superior a R$ 12.000.,Pessoas no Brasil com faixa de renda pessoal estimada superior a R$ 12.000,pessoas no brasil com faixa de renda pessoal estimada superior a r$ 12.000.,Programática,Mobilidade,Intenção de Compra (Carros Novos),conceito de audiência,vertical,"Automotivo, Mobilidade & Logística",Outros / revisar,,B2C,demográfico/socioeconômico,,média,mapear
173,"Pessoas no Brasil com interesse em carros, especificamente sedãs grandes","Pessoas no Brasil com interesse em carros, especificamente sedãs grandes","pessoas no brasil com interesse em carros, especificamente sedas grandes",Programática,Mobilidade,Entusiastas de Carros (Luxo/Esportivos),conceito de audiência,vertical,"Automotivo, Mobilidade & Logística",Outros / revisar,,B2C,interesse/afinidade,Conhecimento | Consideração,média,mapear
174,"Pessoas no Brasil com interesse em carros, especificamente sedãs médios.","Pessoas no Brasil com interesse em carros, especificamente sedãs médios","pessoas no brasil com interesse em carros, especificamente sedas medios.",Programática,Mobilidade,Entusiastas de Carros (Luxo/Esportivos),conceito de audiência,vertical,"Automotivo, Mobilidade & Logística",Outros / revisar,,B2C,interesse/afinidade,Conhecimento | Consideração,média,mapear
175,Pessoas no Brasil com alta afinidade para bens de alto valor,Pessoas no Brasil com alta afinidade para bens de alto valor,pessoas no brasil com alta afinidade para bens de alto valor,Programática,Mobilidade,Intenção de Compra (Carros Novos),conceito de audiência,vertical,"Automotivo, Mobilidade & Logística",Outros / revisar,,B2C,demográfico/socioeconômico | interesse/afinidade,Conhecimento | Consideração,média,mapear
176,Público B2B interessado em sócios de empresas no segmento de varejo alimentício,Público B2B interessado em sócios de empresas no segmento de varejo alimentício,publico b2b interessado em socios de empresas no segmento de varejo alimenticio,Programática,Consumo & Varejo,Caçadores de Ofertas & Promoções,conceito de audiência,vertical,Varejo & Consumo,Outros / revisar,"B2B, Enterprise & Indústria",Híbrido,empresa/firmográfico | interesse/afinidade,Conhecimento | Consideração,média,mapear
177,Profissionais ou empresas do setor de varejo de produtos alimentícios,Profissionais ou empresas do setor de varejo de produtos alimentícios,profissionais ou empresas do setor de varejo de produtos alimenticios,Programática,Consumo & Varejo,Caçadores de Ofertas & Promoções,conceito de audiência,vertical,Varejo & Consumo,Outros / revisar,"B2B, Enterprise & Indústria",B2B,cargo/função profissional | empresa/firmográfico,,média,mapear
179,Sócios e proprietários de empresas do varejo não alimentício no Brasil (Dados Serasa Experian),Sócios e proprietários de empresas do varejo não alimentício no Brasil,socios e proprietarios de empresas do varejo nao alimenticio no brasil (dados serasa experian),Programática,Consumo & Varejo,Caçadores de Ofertas & Promoções,conceito de audiência,vertical,Varejo & Consumo,Outros / revisar,"B2B, Enterprise & Indústria",B2B,empresa/firmográfico,,média,mapear
180,"Público com alta afinidade e interesse em compras online (e-commerce), utilizando dados da Serasa Experian.",Público com alta afinidade e interesse em compras online (e-commerce),"publico com alta afinidade e interesse em compras online (e-commerce), utilizando dados da serasa experian.",Programática,Consumo & Varejo,Compradores Online Recorrentes,conceito de audiência,vertical,Varejo & Consumo,Compradores e e-commerce,,Transversal/indefinido,demográfico/socioeconômico | interesse/afinidade,Conhecimento | Consideração,alta,mapear
183,"Público no Brasil com renda familiar estimada entre R$ 2.001 e R$ 3.000, baseado em dados demográficos da Serasa Experian.",Público no Brasil com renda familiar estimada entre R$ 2.001 e R$ 3.000,"publico no brasil com renda familiar estimada entre r$ 2.001 e r$ 3.000, baseado em dados demograficos da serasa experian.",Programática,Consumo & Varejo,Renda Familiar,perfil transversal,transversal,,,,B2C,demográfico/socioeconômico,Conhecimento,alta,mapear
184,"Público no Brasil com renda familiar estimada em até R$ 2.000, baseado em dados demográficos da Serasa Experian.",Público no Brasil com renda familiar estimada em até R$ 2.000,"publico no brasil com renda familiar estimada em ate r$ 2.000, baseado em dados demograficos da serasa experian.",Programática,Consumo & Varejo,Renda Familiar,perfil transversal,transversal,,,,B2C,demográfico/socioeconômico,Conhecimento,alta,mapear
185,"Público no Brasil com renda familiar estimada entre R$ 8.001 e R$ 10.000, baseado em dados demográficos da Serasa Experian.",Público no Brasil com renda familiar estimada entre R$ 8.001 e R$ 10.000,"publico no brasil com renda familiar estimada entre r$ 8.001 e r$ 10.000, baseado em dados demograficos da serasa experian.",Programática,Consumo & Varejo,Renda Familiar,perfil transversal,transversal,,,,B2C,demográfico/socioeconômico,Conhecimento,alta,mapear
186,"Público no Brasil com renda familiar estimada entre R$ 4.001 e R$ 5.000, baseado em dados demográficos da Serasa Experian.",Público no Brasil com renda familiar estimada entre R$ 4.001 e R$ 5.000,"publico no brasil com renda familiar estimada entre r$ 4.001 e r$ 5.000, baseado em dados demograficos da serasa experian.",Programática,Consumo & Varejo,Renda Familiar,perfil transversal,transversal,,,,B2C,demográfico/socioeconômico,Conhecimento,alta,mapear
187,"Público no Brasil com renda familiar estimada entre R$ 10.001 e R$ 15.000, baseado em dados demográficos da Serasa Experian",Público no Brasil com renda familiar estimada entre R$ 10.001 e R$ 15.000,"publico no brasil com renda familiar estimada entre r$ 10.001 e r$ 15.000, baseado em dados demograficos da serasa experian",Programática,Consumo & Varejo,Renda Familiar,perfil transversal,transversal,,,,B2C,demográfico/socioeconômico,Conhecimento,alta,mapear
188,"Público no Brasil com renda familiar estimada entre R$ 15.001 e R$ 20.000, baseado em dados demográficos da Serasa Experian.",Público no Brasil com renda familiar estimada entre R$ 15.001 e R$ 20.000,"publico no brasil com renda familiar estimada entre r$ 15.001 e r$ 20.000, baseado em dados demograficos da serasa experian.",Programática,Consumo & Varejo,Renda Familiar,perfil transversal,transversal,,,,B2C,demográfico/socioeconômico,Conhecimento,alta,mapear
189,"Público no Brasil com renda familiar estimada entre R$ 3.001 e R$ 4.000, baseado em dados demográficos da Serasa Experian.",Público no Brasil com renda familiar estimada entre R$ 3.001 e R$ 4.000,"publico no brasil com renda familiar estimada entre r$ 3.001 e r$ 4.000, baseado em dados demograficos da serasa experian.",Programática,Consumo & Varejo,Renda Familiar,perfil transversal,transversal,,,,B2C,demográfico/socioeconômico,Conhecimento,alta,mapear
190,Público no Brasil com renda familiar estimada entre R$ 5.001 e R$ 6.000,Público no Brasil com renda familiar estimada entre R$ 5.001 e R$ 6.000,publico no brasil com renda familiar estimada entre r$ 5.001 e r$ 6.000,Programática,Consumo & Varejo,Renda Familiar,perfil transversal,transversal,,,,B2C,demográfico/socioeconômico,Conhecimento,alta,mapear
191,Público no Brasil com renda familiar estimada entre R$ 6.001 e R$ 8.000,Público no Brasil com renda familiar estimada entre R$ 6.001 e R$ 8.000,publico no brasil com renda familiar estimada entre r$ 6.001 e r$ 8.000,Programática,Consumo & Varejo,Renda Familiar,perfil transversal,transversal,,,,B2C,demográfico/socioeconômico,Conhecimento,alta,mapear
192,Empresas em fase inicial/startups,Empresas em fase inicial/startups,empresas em fase inicial/startups,Programática,B2B & Indústria,Pequenos e Médios Empresários (PME),conceito de audiência,vertical,"B2B, Enterprise & Indústria",Outros / revisar,,B2B,empresa/firmográfico,,média,mapear
193,Microempresas veteranas e estáveis,Microempresas veteranas e estáveis,microempresas veteranas e estaveis,Programática,B2B & Indústria,Pequenos e Médios Empresários (PME),conceito de audiência,vertical,"B2B, Enterprise & Indústria",PMEs e empreendedores,,B2B,empresa/firmográfico,,alta,mapear
194,Público com serviços financeiros em boa situação,Público com serviços financeiros em boa situação,publico com servicos financeiros em boa situacao,Programática,B2B & Indústria,Pequenos e Médios Empresários (PME),conceito de audiência,vertical,Finanças & Seguros,Outros / revisar,"Entretenimento, Conteúdo & Esportes",Transversal/indefinido,,,média,mapear
195,Pequenas empresas especializadas,Pequenas empresas especializadas,pequenas empresas especializadas,Programática,B2B & Indústria,Pequenos e Médios Empresários (PME),conceito de audiência,vertical,"B2B, Enterprise & Indústria",PMEs e empreendedores,,B2B,empresa/firmográfico,,alta,mapear
196,Profissionais de alta especialização,Profissionais de alta especialização,profissionais de alta especializacao,Programática,B2B & Indústria,Executivos C-Level & Diretores,conceito de audiência,vertical,"Entretenimento, Conteúdo & Esportes","Cinema, séries e gêneros","B2B, Enterprise & Indústria",B2B,cargo/função profissional,,média,mapear
197,Empresas maduras e consolidadas,Empresas maduras e consolidadas,empresas maduras e consolidadas,Programática,B2B & Indústria,Pequenos e Médios Empresários (PME),conceito de audiência,vertical,"B2B, Enterprise & Indústria",Enterprise e grandes empresas,,B2B,empresa/firmográfico,,alta,mapear
198,Empresas com bom desempenho/crescimento,Empresas com bom desempenho/crescimento,empresas com bom desempenho/crescimento,Programática,B2B & Indústria,Pequenos e Médios Empresários (PME),conceito de audiência,vertical,"B2B, Enterprise & Indústria",Outros / revisar,,B2B,empresa/firmográfico,,média,mapear
199,"Pessoas com interesse em lazer e gastronomia, especificamente o hábito de frequentar restaurantes e jantar fora.","Pessoas com interesse em lazer e gastronomia, especificamente o hábito de frequentar restaurantes e jantar fora","pessoas com interesse em lazer e gastronomia, especificamente o habito de frequentar restaurantes e jantar fora.",Programática,Consumo & Varejo,Foco em Comida Rápida (Fast Food),conceito de audiência,vertical,Varejo & Consumo,"Alimentos, bebidas e gastronomia",,B2C,visitação/localização | interesse/afinidade,Conhecimento | Consideração | Conversão,alta,mapear
200,Consumidores em jornada de compra de serviços bancários e bancos digitais,Consumidores em jornada de compra de serviços bancários e bancos digitais,consumidores em jornada de compra de servicos bancarios e bancos digitais,Programática,Finanças & Seguros,"Serviços Bancários (Contas, Cartões)",conceito de audiência,vertical,Finanças & Seguros,Bancos e fintechs,,B2C,intenção de compra | compra/consumo observado,Consideração | Conversão,alta,mapear
201,Afinidade com o setor de bancos digitais (Segmento Taxo Serasa),Afinidade com o setor de bancos digitais,afinidade com o setor de bancos digitais (segmento taxo serasa),Programática,Finanças & Seguros,"Serviços Bancários (Contas, Cartões)",conceito de audiência,vertical,Finanças & Seguros,Bancos e fintechs,,Transversal/indefinido,demográfico/socioeconômico | interesse/afinidade,Conhecimento | Consideração,alta,mapear
203,Pessoas com afinidade e interesse em serviços de bancos digitais e novos players financeiros.,Pessoas com afinidade e interesse em serviços de bancos digitais e novos players financeiros,pessoas com afinidade e interesse em servicos de bancos digitais e novos players financeiros.,Programática,Finanças & Seguros,"Serviços Bancários (Contas, Cartões)",conceito de audiência,vertical,Finanças & Seguros,Bancos e fintechs,,B2C,demográfico/socioeconômico | interesse/afinidade,Conhecimento | Consideração,alta,mapear
204,Público de afinidade interessado em bancos digitais no Brasil (Dados Serasa),Público de afinidade interessado em bancos digitais no Brasil,publico de afinidade interessado em bancos digitais no brasil (dados serasa),Programática,Finanças & Seguros,"Serviços Bancários (Contas, Cartões)",conceito de audiência,vertical,Finanças & Seguros,Bancos e fintechs,,B2C,demográfico/socioeconômico | interesse/afinidade,Conhecimento | Consideração,alta,mapear
205,Público com intenção de compra (In-Market) para Seguros de Vida e Previdência Privada,Público com intenção de compra (In-Market) para Seguros de Vida e Previdência Privada,publico com intencao de compra (in-market) para seguros de vida e previdencia privada,Programática,Finanças & Seguros,"Seguros (Vida, Auto, Residencial)",conceito de audiência,vertical,Finanças & Seguros,Seguros e previdência,,B2C,intenção de compra,Consideração | Conversão,alta,mapear
206,"Interesse em Negócios, Economia e Finanças com foco específico em Seguros de Vida e Planos de Previdência","Interesse em Negócios, Economia e Finanças com foco específico em Seguros de Vida e Planos de Previdência","interesse em negocios, economia e financas com foco especifico em seguros de vida e planos de previdencia",Programática,Finanças & Seguros,"Seguros (Vida, Auto, Residencial)",conceito de audiência,vertical,Finanças & Seguros,Seguros e previdência,,Transversal/indefinido,demográfico/socioeconômico | interesse/afinidade,Conhecimento | Consideração,alta,mapear
207,"Pessoas com afinidade e interesse em Seguros de Saúde, dados provenientes da Serasa Experian Brasil","Pessoas com afinidade e interesse em Seguros de Saúde, dados provenientes da Brasil","pessoas com afinidade e interesse em seguros de saude, dados provenientes da serasa experian brasil",Programática,Finanças & Seguros,"Seguros (Vida, Auto, Residencial)",conceito de audiência,vertical,Finanças & Seguros,Seguros e previdência,"Saúde, Bem-estar & Beleza",B2C,demográfico/socioeconômico | interesse/afinidade,Conhecimento | Consideração,média,mapear
211,Pessoas com afinidade por produtos fitness e estilo de vida saudável - Dados Serasa Experian,Pessoas com afinidade por produtos fitness e estilo de vida saudável,pessoas com afinidade por produtos fitness e estilo de vida saudavel - dados serasa experian,Programática,Saúde & Bem-estar,Fitness & Esportes (Praticantes),conceito de audiência,vertical,"Saúde, Bem-estar & Beleza",Fitness e esporte praticado,,B2C,demográfico/socioeconômico | interesse/afinidade,Conhecimento | Consideração,alta,mapear
212,Usuários com afinidade em aplicativos de delivery de comida e compras de supermercado no Brasil (Dados Serasa Experian),Usuários com afinidade em aplicativos de delivery de comida e compras de supermercado no Brasil,usuarios com afinidade em aplicativos de delivery de comida e compras de supermercado no brasil (dados serasa experian),Programática,Consumo & Varejo,Consumidores de Delivery,conceito de audiência,vertical,Varejo & Consumo,Supermercados e delivery,,Transversal/indefinido,demográfico/socioeconômico | interesse/afinidade,Conhecimento | Consideração,alta,mapear
213,Pessoas com interesse em programas de fidelidade e resgate de milhas aéreas,Pessoas com interesse em programas de fidelidade e resgate de milhas aéreas,pessoas com interesse em programas de fidelidade e resgate de milhas aereas,Programática,Finanças & Seguros,Criptoativos & Moedas Digitais,conceito de audiência,vertical,Finanças & Seguros,Outros / revisar,,B2C,demográfico/socioeconômico | interesse/afinidade,Conhecimento | Consideração,média,mapear
214,Sócios e proprietários de empresas do setor de varejo de moda e acessórios (Dados Serasa),Sócios e proprietários de empresas do setor de varejo de moda e acessórios,socios e proprietarios de empresas do setor de varejo de moda e acessorios (dados serasa),Programática,Consumo & Varejo,Moda & Acessórios,conceito de audiência,vertical,Varejo & Consumo,"Moda, beleza e acessórios","B2B, Enterprise & Indústria",B2B,empresa/firmográfico,,média,mapear
215,Empresários e Profissionais do Setor de Varejo de Moda e Acessórios,Empresários e Profissionais do Setor de Varejo de Moda e Acessórios,empresarios e profissionais do setor de varejo de moda e acessorios,Programática,Consumo & Varejo,Moda & Acessórios,conceito de audiência,vertical,Varejo & Consumo,"Moda, beleza e acessórios","B2B, Enterprise & Indústria",B2B,cargo/função profissional | empresa/firmográfico,,média,mapear
218,Público Persona de Agronegócio no Brasil (HPE),Agronegócio no Brasil,publico persona de agronegocio no brasil (hpe),Programática,B2B & Indústria,Negócios para Agronegócios,conceito de audiência,vertical,Agronegócio,Outros / revisar,,Transversal/indefinido,,,média,mapear
219,"Pessoas interessadas em educação, carreira e aprendizado de novos idiomas","Pessoas interessadas em educação, carreira e aprendizado de novos idiomas","pessoas interessadas em educacao, carreira e aprendizado de novos idiomas",Programática,Educação & Carreira,Cursos Profissionalizantes & Idiomas,conceito de audiência,vertical,Educação & Carreira,Idiomas,"Entretenimento, Conteúdo & Esportes",B2C,interesse/afinidade,Conhecimento | Consideração,média,mapear
221,Consumidores com comportamento recente de visita em lojas Magazine Luiza,Consumidores com comportamento recente de visita em lojas Magazine Luiza,consumidores com comportamento recente de visita em lojas magazine luiza,Programática,Consumo & Varejo,Compradores Online Recorrentes,conceito de audiência,vertical,Varejo & Consumo,Outros / revisar,,B2C,compra/consumo observado,Consideração | Conversão,média,mapear
222,Pessoas que visitaram fisicamente lojas do Magazine Luiza no Brasil,Pessoas que visitaram fisicamente lojas do Magazine Luiza no Brasil,pessoas que visitaram fisicamente lojas do magazine luiza no brasil,Programática,Consumo & Varejo,Caçadores de Ofertas & Promoções,conceito de audiência,vertical,Varejo & Consumo,Outros / revisar,,B2C,,,média,mapear
223,Público com visitação recente a pontos de interesse (lojas) do Magazine Luiza,Público com visitação recente a pontos de interesse (lojas) do Magazine Luiza,publico com visitacao recente a pontos de interesse (lojas) do magazine luiza,Programática,Consumo & Varejo,Caçadores de Ofertas & Promoções,conceito de audiência,vertical,Varejo & Consumo,Outros / revisar,"Entretenimento, Conteúdo & Esportes",Transversal/indefinido,visitação/localização | interesse/afinidade,Conhecimento | Consideração | Conversão,média,mapear
224,Visitantes recentes de Pontos de Interesse (POI) da rede Casas Bahia,Visitantes recentes de Pontos de Interesse (POI) da rede Casas Bahia,visitantes recentes de pontos de interesse (poi) da rede casas bahia,Programática,Consumo & Varejo,Caçadores de Ofertas & Promoções,conceito de audiência,vertical,Varejo & Consumo,"Casa, móveis e decoração",,B2C,visitação/localização | interesse/afinidade,Conhecimento | Consideração | Conversão,média,mapear
225,Pessoas que visitaram fisicamente lojas de departamento da marca Casas Bahia no Brasil.,Pessoas que visitaram fisicamente lojas de departamento da marca Casas Bahia no Brasil,pessoas que visitaram fisicamente lojas de departamento da marca casas bahia no brasil.,Programática,Consumo & Varejo,Caçadores de Ofertas & Promoções,conceito de audiência,vertical,Varejo & Consumo,"Casa, móveis e decoração",,B2C,,,alta,mapear
226,Público com visitação recente mapeada em lojas físicas da Casas Bahia,Público com visitação recente mapeada em lojas físicas da Casas Bahia,publico com visitacao recente mapeada em lojas fisicas da casas bahia,Programática,Consumo & Varejo,Caçadores de Ofertas & Promoções,conceito de audiência,vertical,Varejo & Consumo,"Casa, móveis e decoração","Entretenimento, Conteúdo & Esportes",Transversal/indefinido,visitação/localização,Consideração | Conversão,média,mapear
227,Público segmentado por visitas recentes às Lojas Americanas (LiveRamp Mix),Público segmentado por visitas recentes às Lojas Americanas,publico segmentado por visitas recentes as lojas americanas (liveramp mix),Programática,Consumo & Varejo,Caçadores de Ofertas & Promoções,conceito de audiência,vertical,Varejo & Consumo,Outros / revisar,,Transversal/indefinido,,,média,mapear
228,Público com visitação recente a pontos de interesse das Lojas Americanas,Público com visitação recente a pontos de interesse das Lojas Americanas,publico com visitacao recente a pontos de interesse das lojas americanas,Programática,Consumo & Varejo,Caçadores de Ofertas & Promoções,conceito de audiência,vertical,Varejo & Consumo,Outros / revisar,"Entretenimento, Conteúdo & Esportes",Transversal/indefinido,visitação/localização | interesse/afinidade,Conhecimento | Consideração | Conversão,média,mapear
229,Visitantes recentes de lojas físicas das Lojas Americanas no Brasil,Visitantes recentes de lojas físicas das Lojas Americanas no Brasil,visitantes recentes de lojas fisicas das lojas americanas no brasil,Programática,Consumo & Varejo,Caçadores de Ofertas & Promoções,conceito de audiência,vertical,Varejo & Consumo,Outros / revisar,,B2C,visitação/localização,Consideração | Conversão,média,mapear
230,Interesse em cinema no Brasil,Interesse em cinema no Brasil,interesse em cinema no brasil,Programática,Finanças & Seguros,Crédito & Empréstimos,conceito de audiência,vertical,"Entretenimento, Conteúdo & Esportes","Cinema, séries e gêneros",,Transversal/indefinido,interesse/afinidade,Conhecimento | Consideração,alta,mapear
231,Interesse em cinema e filmes,Interesse em cinema e filmes,interesse em cinema e filmes,Programática,Entretenimento & Mídia,Cinéfilos & Fãs de Séries (Streaming),conceito de audiência,vertical,"Entretenimento, Conteúdo & Esportes","Cinema, séries e gêneros",,Transversal/indefinido,interesse/afinidade,Conhecimento | Consideração,alta,mapear
232,Compradores de ingressos de cinema e usuários interessados em promoções da Flix Media,Compradores de ingressos de cinema e usuários interessados em promoções da Flix Media,compradores de ingressos de cinema e usuarios interessados em promocoes da flix media,Programática,Entretenimento & Mídia,Cinéfilos & Fãs de Séries (Streaming),conceito de audiência,vertical,Varejo & Consumo,Compradores e e-commerce,"Entretenimento, Conteúdo & Esportes",B2C,compra/consumo observado | interesse/afinidade,Conhecimento | Consideração | Conversão,média,mapear
233,Visitantes frequentes da rede de cinemas Kinoplex no Brasil,Visitantes frequentes da rede de cinemas Kinoplex no Brasil,visitantes frequentes da rede de cinemas kinoplex no brasil,Programática,Entretenimento & Mídia,Cinéfilos & Fãs de Séries (Streaming),conceito de audiência,vertical,"Entretenimento, Conteúdo & Esportes","Cinema, séries e gêneros",,B2C,visitação/localização,Consideração | Conversão,alta,mapear
234,Visitantes frequentes da rede de cinemas UCI no Brasil,Visitantes frequentes da rede de cinemas UCI no Brasil,visitantes frequentes da rede de cinemas uci no brasil,Programática,Entretenimento & Mídia,Cinéfilos & Fãs de Séries (Streaming),conceito de audiência,vertical,"Entretenimento, Conteúdo & Esportes","Cinema, séries e gêneros",,B2C,visitação/localização,Consideração | Conversão,alta,mapear
235,Visitantes frequentes da rede de cinemas Centerplex no Brasil,Visitantes frequentes da rede de cinemas Centerplex no Brasil,visitantes frequentes da rede de cinemas centerplex no brasil,Programática,Entretenimento & Mídia,Cinéfilos & Fãs de Séries (Streaming),conceito de audiência,vertical,"Entretenimento, Conteúdo & Esportes","Cinema, séries e gêneros",,B2C,visitação/localização,Consideração | Conversão,alta,mapear
236,Visitantes frequentes da rede de cinemas Cinemark no Brasil,Visitantes frequentes da rede de cinemas Cinemark no Brasil,visitantes frequentes da rede de cinemas cinemark no brasil,Programática,Entretenimento & Mídia,Cinéfilos & Fãs de Séries (Streaming),conceito de audiência,vertical,"Entretenimento, Conteúdo & Esportes","Cinema, séries e gêneros",,B2C,visitação/localização,Consideração | Conversão,alta,mapear
237,Interesse em Notícias Locais e Regionalismo,Interesse em Notícias Locais e Regionalismo,interesse em noticias locais e regionalismo,Programática,Entretenimento & Mídia,Consumidores de Notícias,conceito de audiência,vertical,"Entretenimento, Conteúdo & Esportes",Notícias e atualidades,,Transversal/indefinido,contextual/editorial | interesse/afinidade,Conhecimento | Consideração,alta,mapear
238,Interesse geral em Notícias e Atualidades,Interesse geral em Notícias e Atualidades,interesse geral em noticias e atualidades,Programática,Entretenimento & Mídia,Consumidores de Notícias,conceito de audiência,vertical,"Entretenimento, Conteúdo & Esportes",Notícias e atualidades,,Transversal/indefinido,demográfico/socioeconômico | contextual/editorial | interesse/afinidade,Conhecimento | Consideração,alta,mapear
239,Interesse em Notícias Policiais e Segurança,Interesse em Notícias Policiais e Segurança,interesse em noticias policiais e seguranca,Programática,Entretenimento & Mídia,Consumidores de Notícias,conceito de audiência,vertical,"Entretenimento, Conteúdo & Esportes",Notícias e atualidades,,Transversal/indefinido,contextual/editorial | interesse/afinidade,Conhecimento | Consideração,alta,mapear
240,Interesse em Notícias Internacionais e Assuntos Globais,Interesse em Notícias Internacionais e Assuntos Globais,interesse em noticias internacionais e assuntos globais,Programática,Entretenimento & Mídia,Consumidores de Notícias,conceito de audiência,vertical,"Entretenimento, Conteúdo & Esportes",Notícias e atualidades,,Transversal/indefinido,contextual/editorial | interesse/afinidade,Conhecimento | Consideração,alta,mapear
241,Público mobile interessado em Notícias e Atualidades no Brasil,Público mobile interessado em Notícias e Atualidades no Brasil,publico mobile interessado em noticias e atualidades no brasil,Programática,Entretenimento & Mídia,Consumidores de Notícias,conceito de audiência,vertical,"Entretenimento, Conteúdo & Esportes",Notícias e atualidades,,B2C,demográfico/socioeconômico | contextual/editorial | interesse/afinidade,Conhecimento | Consideração,alta,mapear
242,Público mobile interessado em Notícias de Finanças e Economia,Público mobile interessado em Notícias de Finanças e Economia,publico mobile interessado em noticias de financas e economia,Programática,Entretenimento & Mídia,Consumidores de Notícias,conceito de audiência,vertical,Finanças & Seguros,Educação e conteúdo financeiro,"Entretenimento, Conteúdo & Esportes",B2C,contextual/editorial | interesse/afinidade,Conhecimento | Consideração,média,mapear
243,"Sócios e proprietários de empresas do setor de logística, transporte e armazenamento","Sócios e proprietários de empresas do setor de logística, transporte e armazenamento","socios e proprietarios de empresas do setor de logistica, transporte e armazenamento",Programática,Mobilidade,Negócios e serviços,conceito de audiência,vertical,"Automotivo, Mobilidade & Logística",Logística e transporte de cargas,"B2B, Enterprise & Indústria",B2B,empresa/firmográfico,,média,mapear
244,Tomadores de decisão e sócios de empresas de transporte e logística,Tomadores de decisão e sócios de empresas de transporte e logística,tomadores de decisao e socios de empresas de transporte e logistica,Programática,Mobilidade,Negócios e serviços,conceito de audiência,vertical,"Automotivo, Mobilidade & Logística",Logística e transporte de cargas,"B2B, Enterprise & Indústria",B2B,empresa/firmográfico,,média,avaliar consolidação conceitual
246,"Empresários e profissionais do setor de transporte, armazenagem e correios","Empresários e profissionais do setor de transporte, armazenagem e correios","empresarios e profissionais do setor de transporte, armazenagem e correios",Programática,Mobilidade,Negócios e serviços,conceito de audiência,vertical,"Automotivo, Mobilidade & Logística",Logística e transporte de cargas,"B2B, Enterprise & Indústria",B2B,cargo/função profissional | empresa/firmográfico,,média,mapear
247,"Empresários e Profissionais de Logística, Transporte e Armazenagem","Empresários e Profissionais de Logística, Transporte e Armazenagem","empresarios e profissionais de logistica, transporte e armazenagem",Programática,Mobilidade,Negócios e serviços,conceito de audiência,vertical,"Automotivo, Mobilidade & Logística",Logística e transporte de cargas,"B2B, Enterprise & Indústria",B2B,cargo/função profissional | empresa/firmográfico,,média,mapear
248,Tomadores de decisão e sócios de empresas de transporte e logística,Tomadores de decisão e sócios de empresas de transporte e logística,tomadores de decisao e socios de empresas de transporte e logistica,Programática,Mobilidade,Negócios e serviços,conceito de audiência,vertical,"Automotivo, Mobilidade & Logística",Logística e transporte de cargas,"B2B, Enterprise & Indústria",B2B,empresa/firmográfico,,média,avaliar consolidação conceitual
249,Público interessado em imóveis de luxo e alto padrão,Público interessado em imóveis de luxo e alto padrão,publico interessado em imoveis de luxo e alto padrao,Programática,B2B & Indústria,Investidores Imobiliários,conceito de audiência,vertical,Imobiliário & Construção,Outros / revisar,,B2C,interesse/afinidade,Conhecimento | Consideração,média,mapear
250,Consumidores com intenção de compra em leilões de imóveis,Consumidores com intenção de compra em leilões de imóveis,consumidores com intencao de compra em leiloes de imoveis,Programática,B2B & Indústria,Investidores Imobiliários,conceito de audiência,vertical,Imobiliário & Construção,Compra e lançamentos,,B2C,intenção de compra | compra/consumo observado,Consideração | Conversão,alta,mapear
251,Investidores do mercado imobiliário,Investidores do mercado imobiliário,investidores do mercado imobiliario,Programática,B2B & Indústria,Investidores Imobiliários,conceito de audiência,vertical,Imobiliário & Construção,Investimento imobiliário,Finanças & Seguros,Transversal/indefinido,,,média,mapear
252,Público Lookalike com intenção de venda de imóveis,Público Lookalike com intenção de venda de imóveis,publico lookalike com intencao de venda de imoveis,Programática,B2B & Indústria,Buscando Imóveis para Comprar,tática de ativação,transversal,,,Imobiliário & Construção,Transversal/indefinido,intenção de compra | modelado/lookalike,Consideração | Conversão,alta,mapear
253,Público com intenção de compra de imóveis,Público com intenção de compra de imóveis,publico com intencao de compra de imoveis,Programática,B2B & Indústria,Buscando Imóveis para Comprar,conceito de audiência,vertical,Imobiliário & Construção,Compra e lançamentos,,B2C,intenção de compra,Consideração | Conversão,alta,mapear
254,Pessoas com intenção de alugar um imóvel (Inquilinos),Pessoas com intenção de alugar um imóvel (Inquilinos),pessoas com intencao de alugar um imovel (inquilinos),Programática,B2B & Indústria,Buscando Imóveis para Alugar,conceito de audiência,vertical,Imobiliário & Construção,Aluguel,,B2C,intenção de compra,Consideração | Conversão,alta,mapear
255,Proprietários com intenção de colocar imóveis para alugar,Proprietários com intenção de colocar imóveis para alugar,proprietarios com intencao de colocar imoveis para alugar,Programática,B2B & Indústria,Buscando Imóveis para Alugar,conceito de audiência,vertical,Imobiliário & Construção,Aluguel,,Transversal/indefinido,intenção de compra,Consideração | Conversão,alta,mapear
256,Pessoas com intenção ativa de compra de imóveis,Pessoas com intenção ativa de compra de imóveis,pessoas com intencao ativa de compra de imoveis,Programática,Finanças & Seguros,"Investimentos (Ações, Fundos)",conceito de audiência,vertical,Imobiliário & Construção,Compra e lançamentos,,B2C,intenção de compra,Consideração | Conversão,alta,mapear
257,Pessoas com intenção ativa de venda de imóveis,Pessoas com intenção ativa de venda de imóveis,pessoas com intencao ativa de venda de imoveis,Programática,B2B & Indústria,Buscando Imóveis para Comprar,conceito de audiência,vertical,Imobiliário & Construção,Outros / revisar,,B2C,intenção de compra,Consideração | Conversão,média,mapear
258,Consumidores habituais de refrigerantes no Brasil (Dados Kantar IBOPE),Consumidores habituais de refrigerantes no Brasil,consumidores habituais de refrigerantes no brasil (dados kantar ibope),Programática,Consumo & Varejo,Foodies & Gourmets,conceito de audiência,vertical,Varejo & Consumo,Outros / revisar,,B2C,compra/consumo observado,Consideração | Conversão,média,mapear
259,Consumidores de Cerveja com 18 anos ou mais no Brasil (Dados Kantar IBOPE),Consumidores de Cerveja com 18 anos ou mais no Brasil,consumidores de cerveja com 18 anos ou mais no brasil (dados kantar ibope),Programática,Consumo & Varejo,Amantes de Cerveja / Vinho,conceito de audiência,vertical,Varejo & Consumo,"Alimentos, bebidas e gastronomia",,B2C,compra/consumo observado | demográfico/socioeconômico,Consideração | Conversão,alta,mapear
260,Consumidores de Vinho com 18 anos ou mais no Brasil (Dados Kantar IBOPE),Consumidores de Vinho com 18 anos ou mais no Brasil,consumidores de vinho com 18 anos ou mais no brasil (dados kantar ibope),Programática,Consumo & Varejo,Amantes de Cerveja / Vinho,conceito de audiência,vertical,Varejo & Consumo,"Alimentos, bebidas e gastronomia",,B2C,compra/consumo observado | demográfico/socioeconômico,Consideração | Conversão,alta,mapear
261,Consumidores de Vodka com 18 anos ou mais no Brasil (Dados Kantar IBOPE),Consumidores de Vodka com 18 anos ou mais no Brasil,consumidores de vodka com 18 anos ou mais no brasil (dados kantar ibope),Programática,Consumo & Varejo,Amantes de Cerveja / Vinho,conceito de audiência,vertical,Varejo & Consumo,"Alimentos, bebidas e gastronomia",,B2C,compra/consumo observado | demográfico/socioeconômico,Consideração | Conversão,alta,mapear
262,Consumidores de Whisky e Scotch com 18 anos ou mais no Brasil (Dados Kantar IBOPE),Consumidores de Whisky e Scotch com 18 anos ou mais no Brasil,consumidores de whisky e scotch com 18 anos ou mais no brasil (dados kantar ibope),Programática,Consumo & Varejo,Amantes de Cerveja / Vinho,conceito de audiência,vertical,Varejo & Consumo,"Alimentos, bebidas e gastronomia",,B2C,compra/consumo observado | demográfico/socioeconômico,Consideração | Conversão,alta,mapear
263,"Consumidores de Aguardente, Pinga ou Cachaça com 18 anos ou mais no Brasil","Consumidores de Aguardente, Pinga ou Cachaça com 18 anos ou mais no Brasil","consumidores de aguardente, pinga ou cachaca com 18 anos ou mais no brasil",Programática,Consumo & Varejo,Amantes de Cerveja / Vinho,conceito de audiência,vertical,Varejo & Consumo,"Alimentos, bebidas e gastronomia",,B2C,compra/consumo observado | demográfico/socioeconômico,Consideração | Conversão,alta,mapear
264,Consumidores de Biscoitos Doces (Kantar IBOPE),Consumidores de Biscoitos Doces,consumidores de biscoitos doces (kantar ibope),Programática,Consumo & Varejo,Foodies & Gourmets,conceito de audiência,vertical,Varejo & Consumo,Outros / revisar,,B2C,compra/consumo observado,Consideração | Conversão,média,mapear
265,Consumidores de leite fermentado (Kantar IBOPE),Consumidores de leite fermentado,consumidores de leite fermentado (kantar ibope),Programática,Consumo & Varejo,Foodies & Gourmets,conceito de audiência,vertical,Varejo & Consumo,Outros / revisar,,B2C,compra/consumo observado,Consideração | Conversão,média,mapear
266,Consumidores de chocolates e bombons (Kantar IBOPE),Consumidores de chocolates e bombons,consumidores de chocolates e bombons (kantar ibope),Programática,Consumo & Varejo,Foodies & Gourmets,conceito de audiência,vertical,Varejo & Consumo,Outros / revisar,,B2C,compra/consumo observado,Consideração | Conversão,média,mapear
267,Consumidores de leites achocolatados e aromatizados (Kantar IBOPE),Consumidores de leites achocolatados e aromatizados,consumidores de leites achocolatados e aromatizados (kantar ibope),Programática,Consumo & Varejo,Foodies & Gourmets,conceito de audiência,vertical,Varejo & Consumo,Outros / revisar,,B2C,compra/consumo observado,Consideração | Conversão,média,mapear
268,Consumidores de sorvete (Kantar IBOPE),Consumidores de sorvete,consumidores de sorvete (kantar ibope),Programática,Consumo & Varejo,Foodies & Gourmets,conceito de audiência,vertical,Varejo & Consumo,Outros / revisar,,B2C,compra/consumo observado,Consideração | Conversão,média,mapear
269,Consumidores de iogurte (Kantar IBOPE),Consumidores de iogurte,consumidores de iogurte (kantar ibope),Programática,Consumo & Varejo,Foodies & Gourmets,conceito de audiência,vertical,Varejo & Consumo,Outros / revisar,,B2C,compra/consumo observado,Consideração | Conversão,média,mapear
270,Consumidores com intenção de compra específica para café,Consumidores com intenção de compra específica para café,consumidores com intencao de compra especifica para cafe,Programática,Consumo & Varejo,Foodies & Gourmets,conceito de audiência,vertical,Varejo & Consumo,Outros / revisar,,B2C,intenção de compra | compra/consumo observado,Consideração | Conversão,média,mapear
271,Consumidores com intenção de compra em varejo para cafés e chás,Consumidores com intenção de compra em varejo para cafés e chás,consumidores com intencao de compra em varejo para cafes e chas,Programática,Consumo & Varejo,Foodies & Gourmets,conceito de audiência,vertical,Varejo & Consumo,Outros / revisar,,B2C,intenção de compra | compra/consumo observado,Consideração | Conversão,média,mapear
272,Consumidores com intenção de compra para chá em cápsulas,Consumidores com intenção de compra para chá em cápsulas,consumidores com intencao de compra para cha em capsulas,Programática,Finanças & Seguros,"Investimentos (Ações, Fundos)",conceito de audiência,vertical,Finanças & Seguros,Outros / revisar,,B2C,intenção de compra | compra/consumo observado,Consideração | Conversão,média,mapear
274,Consumidores com intenção de compra de refrigerantes zero açúcar ou dietéticos,Consumidores com intenção de compra de refrigerantes zero açúcar ou dietéticos,consumidores com intencao de compra de refrigerantes zero acucar ou dieteticos,Programática,Consumo & Varejo,Foodies & Gourmets,conceito de audiência,vertical,Varejo & Consumo,Outros / revisar,,B2C,intenção de compra | compra/consumo observado,Consideração | Conversão,média,mapear
275,Consumidores com intenção de compra de refrescos e sucos em pó no varejo brasileiro,Consumidores com intenção de compra de refrescos e sucos em pó no varejo brasileiro,consumidores com intencao de compra de refrescos e sucos em po no varejo brasileiro,Programática,Consumo & Varejo,Foodies & Gourmets,conceito de audiência,vertical,Varejo & Consumo,Outros / revisar,,B2C,intenção de compra | compra/consumo observado,Consideração | Conversão,média,mapear
276,Consumidores com intenção de compra de sucos naturais e industrializados,Consumidores com intenção de compra de sucos naturais e industrializados,consumidores com intencao de compra de sucos naturais e industrializados,Programática,Consumo & Varejo,Foodies & Gourmets,conceito de audiência,vertical,"B2B, Enterprise & Indústria",Indústria e manufatura,,Híbrido,intenção de compra | compra/consumo observado | empresa/firmográfico,Consideração | Conversão,alta,mapear
277,"Consumidores interessados em bebidas funcionais, energéticos e isotônicos","Consumidores interessados em bebidas funcionais, energéticos e isotônicos","consumidores interessados em bebidas funcionais, energeticos e isotonicos",Programática,Consumo & Varejo,Foodies & Gourmets,conceito de audiência,vertical,Varejo & Consumo,"Alimentos, bebidas e gastronomia",,B2C,compra/consumo observado | interesse/afinidade,Conhecimento | Consideração | Conversão,alta,mapear
278,Consumidores com intenção de compra de cerveja sem álcool,Consumidores com intenção de compra de cerveja sem álcool,consumidores com intencao de compra de cerveja sem alcool,Programática,Consumo & Varejo,Amantes de Cerveja / Vinho,conceito de audiência,vertical,Varejo & Consumo,"Alimentos, bebidas e gastronomia",,B2C,intenção de compra | compra/consumo observado,Consideração | Conversão,alta,mapear
279,Espectadores interessados em Entretenimento e E-Sports,Espectadores interessados em Entretenimento e E-Sports,espectadores interessados em entretenimento e e-sports,Programática,Entretenimento & Mídia,Gamers (Jogadores de PC/Console),contexto/afinidade de conteúdo,vertical,"Entretenimento, Conteúdo & Esportes",Outros / revisar,,B2C,interesse/afinidade | consumo de conteúdo,Conhecimento | Consideração,média,mapear
280,"Pessoas interessadas em culinária sofisticada, gastronomia e preparo de pratos gourmet","Pessoas interessadas em culinária sofisticada, gastronomia e preparo de pratos gourmet","pessoas interessadas em culinaria sofisticada, gastronomia e preparo de pratos gourmet",Programática,Consumo & Varejo,Foodies & Gourmets,conceito de audiência,vertical,Varejo & Consumo,"Alimentos, bebidas e gastronomia",,B2C,interesse/afinidade,Conhecimento | Consideração,alta,mapear
281,Consumidores entusiastas e interessados em cafés e produtos relacionados,Consumidores entusiastas e interessados em cafés e produtos relacionados,consumidores entusiastas e interessados em cafes e produtos relacionados,Programática,Consumo & Varejo,Foodies & Gourmets,conceito de audiência,vertical,Varejo & Consumo,Outros / revisar,,B2C,compra/consumo observado | interesse/afinidade,Conhecimento | Consideração | Conversão,média,mapear
282,Drink Makers Brasileiros Engajados,Drink Makers Brasileiros Engajados,drink makers brasileiros engajados,Programática,Consumo & Varejo,Amantes de Cerveja / Vinho,conceito de audiência,vertical,Varejo & Consumo,Outros / revisar,,Transversal/indefinido,,,média,mapear
283,"Pessoas que buscam soluções rápidas, práticas e cotidianas para alimentação.","Pessoas que buscam soluções rápidas, práticas e cotidianas para alimentação","pessoas que buscam solucoes rapidas, praticas e cotidianas para alimentacao.",Programática,Consumo & Varejo,Foco em Comida Rápida (Fast Food),conceito de audiência,vertical,"Entretenimento, Conteúdo & Esportes","Cinema, séries e gêneros",,B2C,,,alta,mapear
284,Consumidores interessados em dieta vegetariana e produtos plant-based,Consumidores interessados em dieta vegetariana e produtos plant-based,consumidores interessados em dieta vegetariana e produtos plant-based,Programática,Consumo & Varejo,Foodies & Gourmets,conceito de audiência,vertical,"Saúde, Bem-estar & Beleza",Nutrição e alimentação saudável,,B2C,compra/consumo observado | interesse/afinidade,Conhecimento | Consideração | Conversão,alta,mapear
285,Público de alta intenção de compra de pacotes turísticos nos últimos 7 dias,Público de alta intenção de compra de pacotes turísticos nos últimos 7 dias,publico de alta intencao de compra de pacotes turisticos nos ultimos 7 dias,Programática,Mobilidade,Planejando Férias (Intenção),conceito de audiência,vertical,Serviços ao Consumidor,Outros / revisar,,B2C,intenção de compra,Consideração | Conversão,média,mapear
288,Usuários em jornada de compra ativa de viagens com intenção demonstrada nos últimos 15 dias (Black Friday),Usuários em jornada de compra ativa de viagens com intenção demonstrada nos últimos 15 dias (Black Friday),usuarios em jornada de compra ativa de viagens com intencao demonstrada nos ultimos 15 dias (black friday),Programática,Mobilidade,Planejando Férias (Intenção),conceito de audiência,vertical,Varejo & Consumo,Ofertas e sazonalidades,Serviços ao Consumidor,Transversal/indefinido,intenção de compra,Consideração | Conversão,média,mapear
289,Pessoas com forte afinidade por serviços de viagens e turismo no Brasil (Serasa Experian),Pessoas com forte afinidade por serviços de viagens e turismo no Brasil,pessoas com forte afinidade por servicos de viagens e turismo no brasil (serasa experian),Programática,Mobilidade,Planejando Férias (Intenção),conceito de audiência,vertical,Serviços ao Consumidor,Turismo e hospitalidade,,B2C,demográfico/socioeconômico | interesse/afinidade,Conhecimento | Consideração,alta,mapear
290,Viajantes com alto consumo digital e conectividade (Serasa Experian),Viajantes com alto consumo digital e conectividade,viajantes com alto consumo digital e conectividade (serasa experian),Programática,Mobilidade,Planejando Férias (Intenção),conceito de audiência,vertical,Serviços ao Consumidor,Outros / revisar,,Transversal/indefinido,demográfico/socioeconômico,,média,mapear
291,Viajantes frequentes de voos internacionais e destinos no exterior (Acxiom Mobile),Viajantes frequentes de voos internacionais e destinos no exterior,viajantes frequentes de voos internacionais e destinos no exterior (acxiom mobile),Programática,Mobilidade,Viajantes a Lazer (Internacional),conceito de audiência,vertical,Serviços ao Consumidor,Turismo e hospitalidade,,Transversal/indefinido,,,alta,mapear
292,Pessoas que viajam a trabalho utilizando transporte público e mobilidade urbana (Acxiom Mobile),Pessoas que viajam a trabalho utilizando transporte público e mobilidade urbana,pessoas que viajam a trabalho utilizando transporte publico e mobilidade urbana (acxiom mobile),Programática,Mobilidade,Viajantes a Lazer (Nacional),conceito de audiência,vertical,"Automotivo, Mobilidade & Logística",Mobilidade urbana e aplicativos,,B2C,demográfico/socioeconômico,,alta,mapear
293,Público confirmado como interessado em destinos internacionais (Acxiom Mobile),Público confirmado como interessado em destinos internacionais,publico confirmado como interessado em destinos internacionais (acxiom mobile),Programática,Mobilidade,Viajantes a Lazer (Internacional),conceito de audiência,vertical,Serviços ao Consumidor,Outros / revisar,,B2C,interesse/afinidade,Conhecimento | Consideração,média,mapear
295,Público semelhante (Lookalike) interessado em equipamentos para agronegócios,Público semelhante (Lookalike) interessado em equipamentos para agronegócios,publico semelhante (lookalike) interessado em equipamentos para agronegocios,Programática,B2B & Indústria,Serviços e Equipamentos para Agronegócios,tática de ativação,transversal,,,Agronegócio,B2C,modelado/lookalike | interesse/afinidade,Conhecimento | Consideração,alta,mapear
296,Audiência Especial: Pequenos produtores rurais e agricultores,Audiência Especial: Pequenos produtores rurais e agricultores,audiencia especial: pequenos produtores rurais e agricultores,Programática,B2B & Indústria,Negócios para Agronegócios,conceito de audiência,vertical,Agronegócio,Produtores rurais,,Transversal/indefinido,,,alta,mapear
297,Profissionais de Agronegócios e Medicina Veterinária,Profissionais de Agronegócios e Medicina Veterinária,profissionais de agronegocios e medicina veterinaria,Programática,B2B & Indústria,Negócios para Agronegócios,conceito de audiência,vertical,Agronegócio,Veterinária e saúde animal,"Saúde, Bem-estar & Beleza | B2B, Enterprise & Indústria",B2B,cargo/função profissional,,média,mapear
299,Público em busca de Cursos Pré-Vestibulares e Escolas Preparatórias,Público em busca de Cursos Pré-Vestibulares e Escolas Preparatórias,publico em busca de cursos pre-vestibulares e escolas preparatorias,Programática,Educação & Carreira,Concurseiros & Ensino Preparatório,conceito de audiência,vertical,Educação & Carreira,Ensino básico e famílias,,Transversal/indefinido,,,alta,mapear
300,Perfil semelhante a pessoas interessadas em Cursos Pré-Vestibulares,Perfil semelhante a pessoas interessadas em Cursos Pré-Vestibulares,perfil semelhante a pessoas interessadas em cursos pre-vestibulares,Programática,Educação & Carreira,Concurseiros & Ensino Preparatório,conceito de audiência,vertical,Educação & Carreira,Cursos e formação profissional,,B2C,modelado/lookalike | interesse/afinidade,Conhecimento | Consideração,alta,mapear
301,"Interesse em Carreira, Educação e Cursos Pré-Vestibulares","Interesse em Carreira, Educação e Cursos Pré-Vestibulares","interesse em carreira, educacao e cursos pre-vestibulares",Programática,Educação & Carreira,Concurseiros & Ensino Preparatório,conceito de audiência,vertical,Educação & Carreira,Cursos e formação profissional,"Entretenimento, Conteúdo & Esportes",Transversal/indefinido,interesse/afinidade,Conhecimento | Consideração,média,mapear
302,Aniversariantes de Abril - Dados Serasa Experian,Aniversariantes de Abril,aniversariantes de abril - dados serasa experian,Programática,Consumo & Varejo,Pais & Mães (por faixa etária dos filhos),perfil transversal,transversal,,,,Transversal/indefinido,,Conhecimento,alta,mapear
303,Aniversariantes do mês de Junho - Dados Serasa Experian,Aniversariantes do mês de Junho,aniversariantes do mes de junho - dados serasa experian,Programática,Consumo & Varejo,Pais & Mães (por faixa etária dos filhos),perfil transversal,transversal,,,,Transversal/indefinido,,Conhecimento,alta,mapear
304,Aniversariantes do mês de Julho - Dados Serasa Experian,Aniversariantes do mês de Julho,aniversariantes do mes de julho - dados serasa experian,Programática,Consumo & Varejo,Pais & Mães (por faixa etária dos filhos),perfil transversal,transversal,,,,Transversal/indefinido,,Conhecimento,alta,mapear
305,Aniversariantes do mês de Maio - Dados Serasa Experian,Aniversariantes do mês de Maio,aniversariantes do mes de maio - dados serasa experian,Programática,Consumo & Varejo,Pais & Mães (por faixa etária dos filhos),perfil transversal,transversal,,,,Transversal/indefinido,,Conhecimento,alta,mapear
306,Aniversariantes do mês de Setembro - Dados Serasa Experian,Aniversariantes do mês de Setembro,aniversariantes do mes de setembro - dados serasa experian,Programática,Consumo & Varejo,Pais & Mães (por faixa etária dos filhos),perfil transversal,transversal,,,,Transversal/indefinido,,Conhecimento,alta,mapear
307,Aniversariantes do mês de Fevereiro - Dados Serasa Experian,Aniversariantes do mês de Fevereiro,aniversariantes do mes de fevereiro - dados serasa experian,Programática,Consumo & Varejo,Pais & Mães (por faixa etária dos filhos),perfil transversal,transversal,,,,Transversal/indefinido,,Conhecimento,alta,mapear
308,Aniversariantes do mês de Outubro - Dados Serasa Experian,Aniversariantes do mês de Outubro,aniversariantes do mes de outubro - dados serasa experian,Programática,Finanças & Seguros,"Investimentos (Ações, Fundos)",perfil transversal,transversal,,,Finanças & Seguros,Transversal/indefinido,,Conhecimento,alta,mapear
309,Aniversariantes do mês de Janeiro - Dados Serasa Experian,Aniversariantes do mês de Janeiro,aniversariantes do mes de janeiro - dados serasa experian,Programática,Consumo & Varejo,Pais & Mães (por faixa etária dos filhos),perfil transversal,transversal,,,,Transversal/indefinido,,Conhecimento,alta,mapear
310,Aniversariantes do mês de Agosto - Dados Serasa Experian,Aniversariantes do mês de Agosto,aniversariantes do mes de agosto - dados serasa experian,Programática,Consumo & Varejo,Pais & Mães (por faixa etária dos filhos),perfil transversal,transversal,,,,Transversal/indefinido,,Conhecimento,alta,mapear
311,Aniversariantes do mês de Novembro - Dados Serasa Experian,Aniversariantes do mês de Novembro,aniversariantes do mes de novembro - dados serasa experian,Programática,Consumo & Varejo,Pais & Mães (por faixa etária dos filhos),perfil transversal,transversal,,,,Transversal/indefinido,,Conhecimento,alta,mapear
312,Aniversariantes do mês de Dezembro - Dados Serasa Experian,Aniversariantes do mês de Dezembro,aniversariantes do mes de dezembro - dados serasa experian,Programática,Finanças & Seguros,"Investimentos (Ações, Fundos)",perfil transversal,transversal,,,Finanças & Seguros,Transversal/indefinido,,Conhecimento,alta,mapear
313,Aniversariantes do mês de Março - Dados Serasa Experian,Aniversariantes do mês de Março,aniversariantes do mes de marco - dados serasa experian,Programática,Consumo & Varejo,Pais & Mães (por faixa etária dos filhos),perfil transversal,transversal,,,,Transversal/indefinido,,Conhecimento,alta,mapear
314,Pessoas de 40 a 44 anos (Dados Serasa Experian),Pessoas de 40–44 anos,pessoas de 40 a 44 anos (dados serasa experian),Programática,Consumo & Varejo,Pais & Mães (por faixa etária dos filhos),perfil transversal,transversal,,,,B2C,demográfico/socioeconômico,Conhecimento,alta,mapear
315,Pessoas de 65 a 69 anos (Dados Serasa Experian),Pessoas de 65–69 anos,pessoas de 65 a 69 anos (dados serasa experian),Programática,Consumo & Varejo,Pais & Mães (por faixa etária dos filhos),perfil transversal,transversal,,,,B2C,demográfico/socioeconômico,Conhecimento,alta,mapear
316,Pessoas de 60 a 64 anos (Dados Serasa Experian),Pessoas de 60–64 anos,pessoas de 60 a 64 anos (dados serasa experian),Programática,Consumo & Varejo,Pais & Mães (por faixa etária dos filhos),perfil transversal,transversal,,,,B2C,demográfico/socioeconômico,Conhecimento,alta,mapear
317,Pessoas de 30 a 34 anos (Dados Serasa Experian),Pessoas de 30–34 anos,pessoas de 30 a 34 anos (dados serasa experian),Programática,Consumo & Varejo,Pais & Mães (por faixa etária dos filhos),perfil transversal,transversal,,,,B2C,demográfico/socioeconômico,Conhecimento,alta,mapear
318,Pessoas de 45 a 49 anos (Dados Serasa Experian),Pessoas de 45–49 anos,pessoas de 45 a 49 anos (dados serasa experian),Programática,Consumo & Varejo,Pais & Mães (por faixa etária dos filhos),perfil transversal,transversal,,,,B2C,demográfico/socioeconômico,Conhecimento,alta,mapear
319,Pessoas de 25 a 29 anos (Dados Serasa Experian),Pessoas de 25–29 anos,pessoas de 25 a 29 anos (dados serasa experian),Programática,Consumo & Varejo,Pais & Mães (por faixa etária dos filhos),perfil transversal,transversal,,,,B2C,demográfico/socioeconômico,Conhecimento,alta,mapear
320,Pessoas de 50 a 54 anos (Dados Serasa Experian),Pessoas de 50–54 anos,pessoas de 50 a 54 anos (dados serasa experian),Programática,Consumo & Varejo,Pais & Mães (por faixa etária dos filhos),perfil transversal,transversal,,,,B2C,demográfico/socioeconômico,Conhecimento,alta,mapear
321,Pessoas de 35 a 39 anos (Dados Serasa Experian),Pessoas de 35–39 anos,pessoas de 35 a 39 anos (dados serasa experian),Programática,Consumo & Varejo,,perfil transversal,transversal,,,,B2C,demográfico/socioeconômico,Conhecimento,alta,mapear
322,Pessoas de 18 a 24 anos (Dados Serasa Experian),Pessoas de 18–24 anos,pessoas de 18 a 24 anos (dados serasa experian),Programática,Consumo & Varejo,Pais & Mães (por faixa etária dos filhos),perfil transversal,transversal,,,,B2C,demográfico/socioeconômico,Conhecimento,alta,mapear
323,Pessoas de 55 a 59 anos (Dados Serasa Experian),Pessoas de 55–59 anos,pessoas de 55 a 59 anos (dados serasa experian),Programática,Finanças & Seguros,"Investimentos (Ações, Fundos)",perfil transversal,transversal,,,Finanças & Seguros,B2C,demográfico/socioeconômico,Conhecimento,alta,mapear
324,Pessoas com mais de 70 anos (Dados Serasa Experian),Pessoas com mais de 70 anos,pessoas com mais de 70 anos (dados serasa experian),Programática,Finanças & Seguros,"Investimentos (Ações, Fundos)",perfil transversal,transversal,,,Finanças & Seguros,B2C,demográfico/socioeconômico,Conhecimento,alta,mapear
325,Interessados em Sedãs Médios - Serasa Experian,Interessados em Sedãs Médios,interessados em sedas medios - serasa experian,Programática,Mobilidade,Entusiastas de Carros (Luxo/Esportivos),conceito de audiência,vertical,"Automotivo, Mobilidade & Logística",Outros / revisar,,B2C,interesse/afinidade,Conhecimento | Consideração,média,mapear
326,Interessados em Pick-ups de Grande Porte - Serasa Experian,Interessados em Pick-ups de Grande Porte,interessados em pick-ups de grande porte - serasa experian,Programática,Mobilidade,Entusiastas de Carros (Luxo/Esportivos),conceito de audiência,vertical,"Automotivo, Mobilidade & Logística",Categorias de veículos,,B2C,interesse/afinidade,Conhecimento | Consideração,alta,mapear
327,Interessados em Sedãs Grandes - Serasa Experian,Interessados em Sedãs Grandes,interessados em sedas grandes - serasa experian,Programática,Mobilidade,Entusiastas de Carros (Luxo/Esportivos),conceito de audiência,vertical,"Automotivo, Mobilidade & Logística",Outros / revisar,,B2C,interesse/afinidade,Conhecimento | Consideração,média,mapear
328,Interessados em Pick-ups Compactas - Serasa Experian,Interessados em Pick-ups Compactas,interessados em pick-ups compactas - serasa experian,Programática,Mobilidade,Entusiastas de Carros (Luxo/Esportivos),conceito de audiência,vertical,"Automotivo, Mobilidade & Logística",Categorias de veículos,,B2C,interesse/afinidade,Conhecimento | Consideração,alta,mapear
329,Interessados em SUVs de Grande Porte - Serasa Experian,Interessados em SUVs de Grande Porte,interessados em suvs de grande porte - serasa experian,Programática,Mobilidade,Entusiastas de Carros (Luxo/Esportivos),conceito de audiência,vertical,"Automotivo, Mobilidade & Logística",Categorias de veículos,,B2C,interesse/afinidade,Conhecimento | Consideração,alta,mapear
330,Interessados em SUVs Médios - Serasa Experian,Interessados em SUVs Médios,interessados em suvs medios - serasa experian,Programática,Mobilidade,Entusiastas de Carros (Luxo/Esportivos),conceito de audiência,vertical,"Automotivo, Mobilidade & Logística",Categorias de veículos,,B2C,interesse/afinidade,Conhecimento | Consideração,alta,mapear
331,Interessados em Sedãs Compactos - Serasa Experian,Interessados em Sedãs Compactos,interessados em sedas compactos - serasa experian,Programática,Mobilidade,Entusiastas de Carros (Luxo/Esportivos),conceito de audiência,vertical,"Automotivo, Mobilidade & Logística",Outros / revisar,,B2C,interesse/afinidade,Conhecimento | Consideração,média,mapear
332,Interessados em SUVs de Luxo - Serasa Experian,Interessados em SUVs de Luxo,interessados em suvs de luxo - serasa experian,Programática,Mobilidade,Entusiastas de Carros (Luxo/Esportivos),conceito de audiência,vertical,"Automotivo, Mobilidade & Logística",Categorias de veículos,,B2C,interesse/afinidade,Conhecimento | Consideração,alta,mapear
333,Interesse em veículos do tipo Minivan (Dados Serasa Experian),Interesse em veículos do tipo Minivan,interesse em veiculos do tipo minivan (dados serasa experian),Programática,Mobilidade,Entusiastas de Carros (Luxo/Esportivos),conceito de audiência,vertical,"Automotivo, Mobilidade & Logística",Categorias de veículos,,Transversal/indefinido,interesse/afinidade,Conhecimento | Consideração,alta,mapear
334,Interesse em veículos do tipo Hatch Superiores/Premium (Dados Serasa Experian),Interesse em veículos do tipo Hatch Superiores/Premium,interesse em veiculos do tipo hatch superiores/premium (dados serasa experian),Programática,Mobilidade,Entusiastas de Carros (Luxo/Esportivos),conceito de audiência,vertical,"Automotivo, Mobilidade & Logística",Categorias de veículos,,Transversal/indefinido,interesse/afinidade,Conhecimento | Consideração,alta,mapear
335,Interesse em veículos do tipo Hatch Médio (Dados Serasa Experian),Interesse em veículos do tipo Hatch Médio,interesse em veiculos do tipo hatch medio (dados serasa experian),Programática,Mobilidade,Entusiastas de Carros (Luxo/Esportivos),conceito de audiência,vertical,"Automotivo, Mobilidade & Logística",Categorias de veículos,,Transversal/indefinido,interesse/afinidade,Conhecimento | Consideração,alta,mapear
336,"Interesse em veículos Familiares, peruas (SW) ou Utilitários (Dados Serasa Experian)","Interesse em veículos Familiares, peruas (SW) ou Utilitários","interesse em veiculos familiares, peruas (sw) ou utilitarios (dados serasa experian)",Programática,Mobilidade,Entusiastas de Carros (Luxo/Esportivos),conceito de audiência,vertical,"Automotivo, Mobilidade & Logística",Outros / revisar,"B2B, Enterprise & Indústria",B2C,demográfico/socioeconômico | interesse/afinidade,Conhecimento | Consideração,média,mapear
337,Interesse em veículos do tipo Hatch Compacto (Dados Serasa Experian),Interesse em veículos do tipo Hatch Compacto,interesse em veiculos do tipo hatch compacto (dados serasa experian),Programática,Mobilidade,Entusiastas de Carros (Luxo/Esportivos),conceito de audiência,vertical,"Automotivo, Mobilidade & Logística",Categorias de veículos,,Transversal/indefinido,interesse/afinidade,Conhecimento | Consideração,alta,mapear
338,"Empresas de grande porte, tradicionais e com alta influência no mercado (Mosaic Business A01)","Empresas de grande porte, tradicionais e com alta influência no mercado","empresas de grande porte, tradicionais e com alta influencia no mercado (mosaic business a01)",Programática,B2B & Indústria,Pequenos e Médios Empresários (PME),conceito de audiência,vertical,"B2B, Enterprise & Indústria",Enterprise e grandes empresas,,B2B,empresa/firmográfico,,alta,mapear
339,Empresas e profissionais atuantes no setor financeiro (Mosaic Business A02),Empresas e profissionais atuantes no setor financeiro,empresas e profissionais atuantes no setor financeiro (mosaic business a02),Programática,B2B & Indústria,Pequenos e Médios Empresários (PME),conceito de audiência,vertical,Finanças & Seguros,Outros / revisar,"B2B, Enterprise & Indústria",B2B,cargo/função profissional | empresa/firmográfico,,média,mapear
340,Microempreendedores e microempresas com longo tempo de mercado e estabilidade (Mosaic Business B08),Microempreendedores e microempresas com longo tempo de mercado e estabilidade,microempreendedores e microempresas com longo tempo de mercado e estabilidade (mosaic business b08),Programática,B2B & Indústria,Pequenos e Médios Empresários (PME),conceito de audiência,vertical,"B2B, Enterprise & Indústria",PMEs e empreendedores,,B2B,empresa/firmográfico | demográfico/socioeconômico,,alta,mapear
341,Empresas de médio porte com saúde financeira positiva (Mosaic Business C11),Empresas de médio porte com saúde financeira positiva,empresas de medio porte com saude financeira positiva (mosaic business c11),Programática,B2B & Indústria,Pequenos e Médios Empresários (PME),conceito de audiência,vertical,Finanças & Seguros,Outros / revisar,"Saúde, Bem-estar & Beleza | B2B, Enterprise & Indústria",B2B,empresa/firmográfico,,média,mapear
342,Empresas de médio porte com estabilidade e maturidade (Mosaic Business B05),Empresas de médio porte com estabilidade e maturidade,empresas de medio porte com estabilidade e maturidade (mosaic business b05),Programática,B2B & Indústria,Pequenos e Médios Empresários (PME),conceito de audiência,vertical,"B2B, Enterprise & Indústria",Outros / revisar,,B2B,empresa/firmográfico | demográfico/socioeconômico,,média,mapear
343,Empresas de pequeno porte consolidadas e tradicionais (Mosaic Business B07),Empresas de pequeno porte consolidadas e tradicionais,empresas de pequeno porte consolidadas e tradicionais (mosaic business b07),Programática,B2B & Indústria,Pequenos e Médios Empresários (PME),conceito de audiência,vertical,"B2B, Enterprise & Indústria",Enterprise e grandes empresas,,B2B,empresa/firmográfico,,alta,mapear
344,Empresas autônomas e profissionais liberais com maturidade de mercado (Mosaic Business B09),Empresas autônomas e profissionais liberais com maturidade de mercado,empresas autonomas e profissionais liberais com maturidade de mercado (mosaic business b09),Programática,B2B & Indústria,Pequenos e Médios Empresários (PME),conceito de audiência,vertical,"B2B, Enterprise & Indústria",Outros / revisar,,B2B,cargo/função profissional | empresa/firmográfico | demográfico/socioeconômico,,média,mapear
345,Estabelecimentos comerciais em fase de crescimento e expansão (Mosaic Business C12),Estabelecimentos comerciais em fase de crescimento e expansão,estabelecimentos comerciais em fase de crescimento e expansao (mosaic business c12),Programática,B2B & Indústria,Pequenos e Médios Empresários (PME),conceito de audiência,vertical,"B2B, Enterprise & Indústria",Outros / revisar,,B2B,empresa/firmográfico,,média,mapear
346,Proprietários de comércios com experiência comprovada e bons resultados (Mosaic Business C10),Proprietários de comércios com experiência comprovada e bons resultados,proprietarios de comercios com experiencia comprovada e bons resultados (mosaic business c10),Programática,B2B & Indústria,Pequenos e Médios Empresários (PME),conceito de audiência,vertical,"B2B, Enterprise & Indústria",Outros / revisar,,B2B,empresa/firmográfico,,média,mapear
347,Empresas do setor de serviços com estabilidade financeira e operacional (Mosaic Business C14),Empresas do setor de serviços com estabilidade financeira e operacional,empresas do setor de servicos com estabilidade financeira e operacional (mosaic business c14),Programática,B2B & Indústria,Pequenos e Médios Empresários (PME),conceito de audiência,vertical,Finanças & Seguros,Outros / revisar,"B2B, Enterprise & Indústria",B2B,empresa/firmográfico | demográfico/socioeconômico,,média,mapear
348,Quadro societário composto por executivos e sócios com longa trajetória profissional (Mosaic Business C13),Quadro societário composto por executivos e sócios com longa trajetória profissional,quadro societario composto por executivos e socios com longa trajetoria profissional (mosaic business c13),Programática,B2B & Indústria,Executivos C-Level & Diretores,conceito de audiência,vertical,"B2B, Enterprise & Indústria",Liderança e decisores,,B2B,cargo/função profissional | empresa/firmográfico,,alta,mapear
349,Jovens proprietários de empresas com potencial de crescimento,Jovens proprietários de empresas com potencial de crescimento,jovens proprietarios de empresas com potencial de crescimento,Programática,B2B & Indústria,Pequenos e Médios Empresários (PME),conceito de audiência,vertical,"B2B, Enterprise & Indústria",Outros / revisar,,B2B,empresa/firmográfico,,média,mapear
350,Pequenos comerciantes localizados em cidades do interior,Pequenos comerciantes localizados em cidades do interior,pequenos comerciantes localizados em cidades do interior,Programática,B2B & Indústria,Pequenos e Médios Empresários (PME),conceito de audiência,vertical,"B2B, Enterprise & Indústria",Outros / revisar,,Transversal/indefinido,demográfico/socioeconômico,,média,mapear
351,Novas empresas com estabilidade financeira inicial,Novas empresas com estabilidade financeira inicial,novas empresas com estabilidade financeira inicial,Programática,B2B & Indústria,Pequenos e Médios Empresários (PME),conceito de audiência,vertical,Finanças & Seguros,Outros / revisar,"B2B, Enterprise & Indústria",B2B,empresa/firmográfico | demográfico/socioeconômico,,média,mapear
352,Empresas com alta maturidade operacional e eficiência (Serasa Mosaic Business),Empresas com alta maturidade operacional e eficiência,empresas com alta maturidade operacional e eficiencia (serasa mosaic business),Programática,B2B & Indústria,Pequenos e Médios Empresários (PME),conceito de audiência,vertical,"B2B, Enterprise & Indústria",Outros / revisar,,B2B,empresa/firmográfico | demográfico/socioeconômico,,média,mapear
353,Empresas de serviços constituídas recentemente,Empresas de serviços constituídas recentemente,empresas de servicos constituidas recentemente,Programática,B2B & Indústria,Pequenos e Médios Empresários (PME),conceito de audiência,vertical,"B2B, Enterprise & Indústria",Outros / revisar,,B2B,empresa/firmográfico,,média,mapear
354,Empresários da Construção Civil,Empresários da Construção Civil,empresarios da construcao civil,Programática,B2B & Indústria,Pequenos e Médios Empresários (PME),conceito de audiência,vertical,Imobiliário & Construção,"Construção, reforma e materiais","B2B, Enterprise & Indústria",B2B,empresa/firmográfico,,média,mapear
355,Novos negócios com perfil conservador e baixo apetite a risco,Novos negócios com perfil conservador e baixo apetite a risco,novos negocios com perfil conservador e baixo apetite a risco,Programática,B2B & Indústria,Pequenos e Médios Empresários (PME),conceito de audiência,vertical,Varejo & Consumo,Pets,,Transversal/indefinido,,,alta,mapear
356,Microempresas recém-fundadas e novos empreendedores,Microempresas recém-fundadas e novos empreendedores,microempresas recem-fundadas e novos empreendedores,Programática,B2B & Indústria,Pequenos e Médios Empresários (PME),conceito de audiência,vertical,"B2B, Enterprise & Indústria",PMEs e empreendedores,,B2B,empresa/firmográfico,,alta,mapear
357,Empresas com alto nível de especialização técnica,Empresas com alto nível de especialização técnica,empresas com alto nivel de especializacao tecnica,Programática,B2B & Indústria,Pequenos e Médios Empresários (PME),conceito de audiência,vertical,"Entretenimento, Conteúdo & Esportes","Cinema, séries e gêneros","B2B, Enterprise & Indústria",B2B,empresa/firmográfico,,média,mapear
358,Novos estabelecimentos comerciais em fase inicial de operação,Novos estabelecimentos comerciais em fase inicial de operação,novos estabelecimentos comerciais em fase inicial de operacao,Programática,B2B & Indústria,Pequenos e Médios Empresários (PME),conceito de audiência,vertical,"Entretenimento, Conteúdo & Esportes","Cinema, séries e gêneros",,Transversal/indefinido,,,alta,mapear
359,Empresários de áreas urbanas com alto poder aquisitivo e sucesso profissional,Empresários de áreas urbanas com alto poder aquisitivo e sucesso profissional,empresarios de areas urbanas com alto poder aquisitivo e sucesso profissional,Programática,B2B & Indústria,Pequenos e Médios Empresários (PME),conceito de audiência,vertical,"B2B, Enterprise & Indústria",Outros / revisar,,B2B,cargo/função profissional | empresa/firmográfico,,média,mapear
360,Empresas e profissionais do setor de saúde e bem-estar,Empresas e profissionais do setor de saúde e bem-estar,empresas e profissionais do setor de saude e bem-estar,Programática,B2B & Indústria,Pequenos e Médios Empresários (PME),conceito de audiência,vertical,"Saúde, Bem-estar & Beleza",Saúde e prevenção,"B2B, Enterprise & Indústria",B2B,cargo/função profissional | empresa/firmográfico,,média,mapear
361,Produtores Rurais Conectados Brasil,Produtores Rurais Conectados Brasil,produtores rurais conectados brasil,Programática,B2B & Indústria,Gestores & Coordenadores,conceito de audiência,vertical,Agronegócio,Produtores rurais,,Transversal/indefinido,,,alta,mapear
362,Gestores Educacionais Estratégicos Brasil,Gestores Educacionais Estratégicos Brasil,gestores educacionais estrategicos brasil,Programática,B2B & Indústria,Gestores & Coordenadores,conceito de audiência,vertical,Educação & Carreira,Outros / revisar,"B2B, Enterprise & Indústria",B2B,cargo/função profissional,,média,mapear
363,Profissionais e empresas atuantes no setor de prestação de serviços,Profissionais e empresas atuantes no setor de prestação de serviços,profissionais e empresas atuantes no setor de prestacao de servicos,Programática,B2B & Indústria,Gestores & Coordenadores,conceito de audiência,vertical,"Entretenimento, Conteúdo & Esportes","Cinema, séries e gêneros","B2B, Enterprise & Indústria",B2B,cargo/função profissional | empresa/firmográfico,,média,mapear
364,Gestores B2B Conectados,Gestores B2B Conectados,gestores b2b conectados,Programática,B2B & Indústria,Gestores & Coordenadores,conceito de audiência,vertical,"B2B, Enterprise & Indústria",Outros / revisar,,B2B,cargo/função profissional,,média,mapear
365,Proprietários e tomadores de decisão em indústrias de pequeno porte,Proprietários e tomadores de decisão em indústrias de pequeno porte,proprietarios e tomadores de decisao em industrias de pequeno porte,Programática,B2B & Indústria,Gestores & Coordenadores,conceito de audiência,vertical,"B2B, Enterprise & Indústria",Indústria e manufatura,,B2B,empresa/firmográfico,,alta,mapear
366,Adultos independentes residindo em grandes centros urbanos (Perfil Mosaic C08),Adultos independentes residindo em grandes centros urbanos,adultos independentes residindo em grandes centros urbanos (perfil mosaic c08),Programática,Consumo & Varejo,Proprietários de Imóveis,conceito de audiência,vertical,Imobiliário & Construção,Outros / revisar,,B2C,demográfico/socioeconômico,,média,mapear
367,Famílias de classe média com vida estável em áreas suburbanas (Perfil Mosaic C06),Famílias de classe média com vida estável em áreas suburbanas,familias de classe media com vida estavel em areas suburbanas (perfil mosaic c06),Programática,Consumo & Varejo,Renda Familiar,perfil transversal,transversal,,,,B2C,demográfico/socioeconômico,Conhecimento,alta,mapear
368,Empreendedores e empresários com escolaridade técnica (Perfil Mosaic D11),Empreendedores e empresários com escolaridade técnica,empreendedores e empresarios com escolaridade tecnica (perfil mosaic d11),Programática,B2B & Indústria,Perfil Financeiro & Estilo de Vida,conceito de audiência,vertical,Educação & Carreira,Ensino básico e famílias,"B2B, Enterprise & Indústria",B2B,empresa/firmográfico | demográfico/socioeconômico,,média,mapear
369,Público de alto poder aquisitivo residente em cidades do interior (Perfil Mosaic B04),Público de alto poder aquisitivo residente em cidades do interior,publico de alto poder aquisitivo residente em cidades do interior (perfil mosaic b04),Programática,Consumo & Varejo,Alta Renda,perfil transversal,transversal,,,,Transversal/indefinido,demográfico/socioeconômico,Conhecimento,alta,mapear
370,Público com estabilidade financeira em capitais do Norte e Nordeste (Perfil Mosaic E12),Público com estabilidade financeira em capitais do Norte e Nordeste,publico com estabilidade financeira em capitais do norte e nordeste (perfil mosaic e12),Programática,Consumo & Varejo,Alta Renda,conceito de audiência,vertical,Finanças & Seguros,Outros / revisar,,Transversal/indefinido,demográfico/socioeconômico,,média,mapear
371,"Público maduro, bem sucedido e com alto padrão de consumo local (Perfil Mosaic A02)","Público maduro, bem sucedido e com alto padrão de consumo local","publico maduro, bem sucedido e com alto padrao de consumo local (perfil mosaic a02)",Programática,Consumo & Varejo,Alta Renda,perfil transversal,transversal,,,,Transversal/indefinido,,Conhecimento,alta,mapear
372,Executivos C-level e cargos de alta gestão com alto poder de compra (Perfil Mosaic A01),Executivos C-level e cargos de alta gestão com alto poder de compra,executivos c-level e cargos de alta gestao com alto poder de compra (perfil mosaic a01),Programática,B2B & Indústria,Executivos C-Level & Diretores,conceito de audiência,vertical,"B2B, Enterprise & Indústria",Liderança e decisores,,B2B,cargo/função profissional,,alta,mapear
373,Jovens adultos proprietários de pequenos negócios locais (Perfil Mosaic D09),Jovens adultos proprietários de pequenos negócios locais,jovens adultos proprietarios de pequenos negocios locais (perfil mosaic d09),Programática,B2B & Indústria,Pequenos e Médios Empresários (PME),conceito de audiência,vertical,"B2B, Enterprise & Indústria",Outros / revisar,,B2C,,,média,mapear
374,Trabalhadores urbanos CLT com alto uso de tecnologia e internet (Perfil Mosaic C07),Trabalhadores urbanos CLT com alto uso de tecnologia e internet,trabalhadores urbanos clt com alto uso de tecnologia e internet (perfil mosaic c07),Programática,B2B & Indústria,Perfil Financeiro & Estilo de Vida,conceito de audiência,vertical,"B2B, Enterprise & Indústria",Tecnologia B2B,,Transversal/indefinido,demográfico/socioeconômico,,alta,mapear
375,Profissionais graduados com carreiras consolidadas e renda estável (Perfil Mosaic A03),Profissionais graduados com carreiras consolidadas e renda estável,profissionais graduados com carreiras consolidadas e renda estavel (perfil mosaic a03),Programática,B2B & Indústria,Perfil Financeiro & Estilo de Vida,conceito de audiência,vertical,"B2B, Enterprise & Indústria",Enterprise e grandes empresas,Educação & Carreira,B2B,cargo/função profissional | demográfico/socioeconômico,,média,mapear
376,Microempreendedores e profissionais do setor agro/rural (Perfil Mosaic B05),Microempreendedores e profissionais do setor agro/rural,microempreendedores e profissionais do setor agro/rural (perfil mosaic b05),Programática,B2B & Indústria,Pequenos e Médios Empresários (PME),conceito de audiência,vertical,Agronegócio,Outros / revisar,"B2B, Enterprise & Indústria",B2B,cargo/função profissional,,média,mapear
377,Proprietários de pequenas empresas com nível superior completo (Perfil Mosaic D10),Proprietários de pequenas empresas com nível superior completo,proprietarios de pequenas empresas com nivel superior completo (perfil mosaic d10),Programática,B2B & Indústria,Pequenos e Médios Empresários (PME),conceito de audiência,vertical,"B2B, Enterprise & Indústria",PMEs e empreendedores,,B2B,empresa/firmográfico,,alta,mapear
378,Público Mosaic Brasil (E13) - Moradores de centros urbanos nas regiões Sul e Sudeste com perfil socioeconômico específico da Serasa Experian,Moradores de centros urbanos nas regiões Sul e Sudeste,publico mosaic brasil (e13) - moradores de centros urbanos nas regioes sul e sudeste com perfil socioeconomico especifico da serasa experian,Programática,Consumo & Varejo,Renda Familiar,perfil transversal,transversal,,,"B2B, Enterprise & Indústria",B2B,empresa/firmográfico | demográfico/socioeconômico,Conhecimento,alta,mapear
380,Trabalhadores do setor agroindustrial residentes em cidades de pequeno porte,Trabalhadores do setor agroindustrial residentes em cidades de pequeno porte,trabalhadores do setor agroindustrial residentes em cidades de pequeno porte,Programática,Consumo & Varejo,Proprietários de Imóveis,conceito de audiência,vertical,"B2B, Enterprise & Indústria",Indústria e manufatura,,B2B,empresa/firmográfico | demográfico/socioeconômico,,alta,mapear
381,Trabalhadores de centros industriais localizados no interior,Trabalhadores de centros industriais localizados no interior,trabalhadores de centros industriais localizados no interior,Programática,B2B & Indústria,Perfil Financeiro & Estilo de Vida,conceito de audiência,vertical,"B2B, Enterprise & Indústria",Indústria e manufatura,,B2B,empresa/firmográfico,,alta,mapear
382,Jovens profissionais do setor privado residentes em grandes áreas metropolitanas,Jovens profissionais do setor privado residentes em grandes áreas metropolitanas,jovens profissionais do setor privado residentes em grandes areas metropolitanas,Programática,B2B & Indústria,Perfil Financeiro & Estilo de Vida,conceito de audiência,vertical,"B2B, Enterprise & Indústria",Enterprise e grandes empresas,,B2B,cargo/função profissional,,alta,mapear
383,Jovens adultos com formação técnica e tecnológica,Jovens adultos com formação técnica e tecnológica,jovens adultos com formacao tecnica e tecnologica,Programática,B2B & Indústria,Profissionais de TI,conceito de audiência,vertical,"Entretenimento, Conteúdo & Esportes","Cinema, séries e gêneros",,B2C,,,alta,mapear
384,Público maduro residente nas capitais da região Sudeste,Público maduro residente nas capitais da região Sudeste,publico maduro residente nas capitais da regiao sudeste,Programática,B2B & Indústria,Perfil Financeiro & Estilo de Vida,conceito de audiência,vertical,Finanças & Seguros,Outros / revisar,,Transversal/indefinido,,,média,mapear
385,Público sênior urbano com alto padrão de vida e conforto,Público sênior urbano com alto padrão de vida e conforto,publico senior urbano com alto padrao de vida e conforto,Programática,B2B & Indústria,Perfil Financeiro & Estilo de Vida,conceito de audiência,vertical,Finanças & Seguros,Outros / revisar,,Transversal/indefinido,,,média,mapear
386,Público idoso tradicional residente em capitais,Público idoso tradicional residente em capitais,publico idoso tradicional residente em capitais,Programática,B2B & Indústria,Perfil Financeiro & Estilo de Vida,conceito de audiência,vertical,Finanças & Seguros,Outros / revisar,,Transversal/indefinido,,,média,mapear
387,Aposentados residentes em áreas urbanas periféricas,Aposentados residentes em áreas urbanas periféricas,aposentados residentes em areas urbanas perifericas,Programática,B2B & Indústria,Perfil Financeiro & Estilo de Vida,conceito de audiência,vertical,Finanças & Seguros,Outros / revisar,,Transversal/indefinido,,,média,mapear
388,Trabalhadores operários com perfil de idade madura,Trabalhadores operários com perfil de idade madura,trabalhadores operarios com perfil de idade madura,Programática,B2B & Indústria,Perfil Financeiro & Estilo de Vida,conceito de audiência,vertical,Finanças & Seguros,Outros / revisar,,Transversal/indefinido,demográfico/socioeconômico,,média,mapear
389,Adultos em transição para a terceira idade residentes em áreas rurais,Adultos em transição para a terceira idade residentes em áreas rurais,adultos em transicao para a terceira idade residentes em areas rurais,Programática,B2B & Indústria,Perfil Financeiro & Estilo de Vida,conceito de audiência,vertical,Agronegócio,Outros / revisar,,B2C,demográfico/socioeconômico,,média,mapear
390,Adultos residentes em centros urbanos da região Norte do Brasil,Adultos residentes em centros urbanos da região Norte do Brasil,adultos residentes em centros urbanos da regiao norte do brasil,Programática,B2B & Indústria,Perfil Financeiro & Estilo de Vida,conceito de audiência,vertical,Finanças & Seguros,Outros / revisar,,B2C,demográfico/socioeconômico,,média,mapear
391,Adultos experientes residentes em comunidades de capitais e áreas litorâneas,Adultos experientes residentes em comunidades de capitais e áreas litorâneas,adultos experientes residentes em comunidades de capitais e areas litoraneas,Programática,B2B & Indústria,Perfil Financeiro & Estilo de Vida,conceito de audiência,vertical,Finanças & Seguros,Outros / revisar,,B2C,demográfico/socioeconômico,,média,mapear
392,Usuários Ativos de Cartão de Crédito Brasil,Usuários Ativos de Cartão de Crédito Brasil,usuarios ativos de cartao de credito brasil,Programática,Finanças & Seguros,"Serviços Bancários (Contas, Cartões)",conceito de audiência,vertical,Finanças & Seguros,Crédito e empréstimos,,Transversal/indefinido,,,alta,mapear
396,Consumidores com intenção ou afinidade por financiamento de veículos,Consumidores com intenção ou afinidade por financiamento de veículos,consumidores com intencao ou afinidade por financiamento de veiculos,Programática,Finanças & Seguros,Crédito & Empréstimos,conceito de audiência,vertical,"Automotivo, Mobilidade & Logística",Compra e troca de veículos,Finanças & Seguros,B2C,intenção de compra | compra/consumo observado | demográfico/socioeconômico | interesse/afinidade,Conhecimento | Consideração | Conversão,média,mapear
397,Público interessado em cartões de crédito de lojas específicas (Private Label),Público interessado em cartões de crédito de lojas específicas (Private Label),publico interessado em cartoes de credito de lojas especificas (private label),Programática,Finanças & Seguros,"Serviços Bancários (Contas, Cartões)",conceito de audiência,vertical,Finanças & Seguros,Crédito e empréstimos,Varejo & Consumo,B2C,interesse/afinidade,Conhecimento | Consideração,média,mapear
398,Consumidores com perfil de busca por empréstimos bancários tradicionais,Consumidores com perfil de busca por empréstimos bancários tradicionais,consumidores com perfil de busca por emprestimos bancarios tradicionais,Programática,Finanças & Seguros,Crédito & Empréstimos,conceito de audiência,vertical,Finanças & Seguros,Crédito e empréstimos,,B2C,compra/consumo observado,Consideração | Conversão,alta,mapear
399,Consumidores com interesse em soluções de empréstimo pessoal,Consumidores com interesse em soluções de empréstimo pessoal,consumidores com interesse em solucoes de emprestimo pessoal,Programática,Finanças & Seguros,Crédito & Empréstimos,conceito de audiência,vertical,Finanças & Seguros,Crédito e empréstimos,,B2C,compra/consumo observado | interesse/afinidade,Conhecimento | Consideração | Conversão,alta,mapear
400,Pessoas buscando informações ou serviços de crédito imobiliário e habitação.,Pessoas buscando informações ou serviços de crédito imobiliário e habitação,pessoas buscando informacoes ou servicos de credito imobiliario e habitacao.,Programática,Finanças & Seguros,Crédito & Empréstimos,conceito de audiência,vertical,Imobiliário & Construção,Outros / revisar,"Finanças & Seguros | Entretenimento, Conteúdo & Esportes",B2C,intenção de compra,Consideração | Conversão,média,mapear
401,Público de alta renda com afinidade por cartões de crédito premium/alta categoria.,Público de alta renda com afinidade por cartões de crédito premium/alta categoria,publico de alta renda com afinidade por cartoes de credito premium/alta categoria.,Programática,Finanças & Seguros,"Serviços Bancários (Contas, Cartões)",conceito de audiência,vertical,Finanças & Seguros,Crédito e empréstimos,,Transversal/indefinido,demográfico/socioeconômico | interesse/afinidade,Conhecimento | Consideração,alta,mapear
402,Público geral interessado em serviços de cartões de crédito.,Público geral interessado em serviços de cartões de crédito,publico geral interessado em servicos de cartoes de credito.,Programática,Finanças & Seguros,"Serviços Bancários (Contas, Cartões)",conceito de audiência,vertical,Finanças & Seguros,Crédito e empréstimos,,B2C,interesse/afinidade,Conhecimento | Consideração,alta,mapear
403,Investidores e pessoas interessadas em produtos de investimento financeiro,Investidores e pessoas interessadas em produtos de investimento financeiro,investidores e pessoas interessadas em produtos de investimento financeiro,Programática,Finanças & Seguros,"Investimentos (Ações, Fundos)",conceito de audiência,vertical,Finanças & Seguros,Investimentos e patrimônio,,B2C,interesse/afinidade,Conhecimento | Consideração,alta,mapear
404,"Público entusiasta de tecnologia financeira, startups e soluções fintech","Público entusiasta de tecnologia financeira, startups e soluções fintech","publico entusiasta de tecnologia financeira, startups e solucoes fintech",Programática,Finanças & Seguros,Criptoativos & Moedas Digitais,conceito de audiência,vertical,Finanças & Seguros,Bancos e fintechs,"B2B, Enterprise & Indústria",B2B,empresa/firmográfico | interesse/afinidade,Conhecimento | Consideração,média,mapear
405,Pessoas com afinidade em seguro de vida (Dados Serasa Experian),Pessoas com afinidade em seguro de vida,pessoas com afinidade em seguro de vida (dados serasa experian),Programática,Finanças & Seguros,"Seguros (Vida, Auto, Residencial)",conceito de audiência,vertical,Finanças & Seguros,Seguros e previdência,,B2C,demográfico/socioeconômico | interesse/afinidade,Conhecimento | Consideração,alta,mapear
406,Pessoas com afinidade em seguro saúde (Dados Serasa Experian),Pessoas com afinidade em seguro saúde,pessoas com afinidade em seguro saude (dados serasa experian),Programática,Finanças & Seguros,"Seguros (Vida, Auto, Residencial)",conceito de audiência,vertical,Finanças & Seguros,Seguros e previdência,"Saúde, Bem-estar & Beleza",B2C,demográfico/socioeconômico | interesse/afinidade,Conhecimento | Consideração,média,mapear
407,Pessoas com afinidade em seguro residencial (Dados Serasa Experian),Pessoas com afinidade em seguro residencial,pessoas com afinidade em seguro residencial (dados serasa experian),Programática,Finanças & Seguros,"Seguros (Vida, Auto, Residencial)",conceito de audiência,vertical,Finanças & Seguros,Seguros e previdência,,B2C,demográfico/socioeconômico | interesse/afinidade,Conhecimento | Consideração,alta,mapear
408,Pessoas interessadas em previdência privada (Dados Serasa Experian),Pessoas interessadas em previdência privada,pessoas interessadas em previdencia privada (dados serasa experian),Programática,Finanças & Seguros,"Investimentos (Ações, Fundos)",conceito de audiência,vertical,Finanças & Seguros,Seguros e previdência,,B2C,interesse/afinidade,Conhecimento | Consideração,alta,mapear
409,Usuários com afinidade a múltiplos cartões de crédito (Dados Serasa Experian),Usuários com afinidade a múltiplos cartões de crédito,usuarios com afinidade a multiplos cartoes de credito (dados serasa experian),Programática,Finanças & Seguros,"Serviços Bancários (Contas, Cartões)",conceito de audiência,vertical,Finanças & Seguros,Crédito e empréstimos,,Transversal/indefinido,demográfico/socioeconômico | interesse/afinidade,Conhecimento | Consideração,alta,mapear
410,Profissionais da Educação e Pesquisadores,Profissionais da Educação e Pesquisadores,profissionais da educacao e pesquisadores,Programática,Consumo & Varejo,Renda Familiar,conceito de audiência,vertical,Educação & Carreira,Outros / revisar,"Entretenimento, Conteúdo & Esportes | B2B, Enterprise & Indústria",B2B,cargo/função profissional,,média,mapear
411,Profissionais de Compras e Logística,Profissionais de Compras e Logística,profissionais de compras e logistica,Programática,Consumo & Varejo,Renda Familiar,conceito de audiência,vertical,"Automotivo, Mobilidade & Logística",Compra e troca de veículos,"B2B, Enterprise & Indústria",B2B,cargo/função profissional,,média,mapear
412,Profissionais do Setor Alimentício,Profissionais do Setor Alimentício,profissionais do setor alimenticio,Programática,Consumo & Varejo,Renda Familiar,conceito de audiência,vertical,"B2B, Enterprise & Indústria",Outros / revisar,,B2B,cargo/função profissional,,média,mapear
413,Cargos de Liderança: Diretores,Cargos de Liderança: Diretores,cargos de lideranca: diretores,Programática,Consumo & Varejo,Renda Familiar,conceito de audiência,vertical,"B2B, Enterprise & Indústria",Liderança e decisores,,B2B,cargo/função profissional,,alta,mapear
414,Profissionais de Recursos Humanos,Profissionais de Recursos Humanos,profissionais de recursos humanos,Programática,Consumo & Varejo,Renda Familiar,conceito de audiência,vertical,"B2B, Enterprise & Indústria",Funções corporativas,,B2B,cargo/função profissional | demográfico/socioeconômico,,alta,mapear
415,Profissionais de Publicidade e Marketing,Profissionais de Publicidade e Marketing,profissionais de publicidade e marketing,Programática,Consumo & Varejo,Renda Familiar,conceito de audiência,vertical,"B2B, Enterprise & Indústria",Funções corporativas,,B2B,cargo/função profissional | demográfico/socioeconômico,,alta,mapear
416,"Profissionais de Engenharia, Construção e Manutenção","Profissionais de Engenharia, Construção e Manutenção","profissionais de engenharia, construcao e manutencao",Programática,Consumo & Varejo,Renda Familiar,conceito de audiência,vertical,Imobiliário & Construção,"Construção, reforma e materiais","B2B, Enterprise & Indústria",B2B,cargo/função profissional,,média,mapear
417,"Profissionais de Arquitetura, Decoração e Urbanismo","Profissionais de Arquitetura, Decoração e Urbanismo","profissionais de arquitetura, decoracao e urbanismo",Programática,Consumo & Varejo,Renda Familiar,conceito de audiência,vertical,Imobiliário & Construção,"Arquitetura, decoração e urbanismo","Entretenimento, Conteúdo & Esportes | B2B, Enterprise & Indústria",B2B,cargo/função profissional,,média,mapear
418,Profissionais do setor de Beleza e Estética,Profissionais do setor de Beleza e Estética,profissionais do setor de beleza e estetica,Programática,Consumo & Varejo,Renda Familiar,conceito de audiência,vertical,"Saúde, Bem-estar & Beleza",Profissionais e empresas de saúde,"B2B, Enterprise & Indústria",B2B,cargo/função profissional,,média,mapear
419,Público Serasa: Profissionais classificados por CBO (Geral),Profissionais classificados por CBO (Geral),publico serasa: profissionais classificados por cbo (geral),Programática,Consumo & Varejo,Renda Familiar,conceito de audiência,vertical,"B2B, Enterprise & Indústria",Outros / revisar,,B2B,cargo/função profissional,,média,mapear
420,Profissionais do Agronegócio e Pecuária,Profissionais do Agronegócio e Pecuária,profissionais do agronegocio e pecuaria,Programática,Consumo & Varejo,Renda Familiar,conceito de audiência,vertical,Agronegócio,Pecuária,"B2B, Enterprise & Indústria",B2B,cargo/função profissional,,média,mapear
421,Profissionais de Economia e Finanças,Profissionais de Economia e Finanças,profissionais de economia e financas,Programática,Consumo & Varejo,Renda Familiar,conceito de audiência,vertical,Finanças & Seguros,Educação e conteúdo financeiro,"B2B, Enterprise & Indústria",B2B,cargo/função profissional,,média,mapear
422,Profissionais de Secretariado e Apoio Administrativo (Base Serasa/CBO),Profissionais de Secretariado e Apoio Administrativo (CBO),profissionais de secretariado e apoio administrativo (base serasa/cbo),Programática,Consumo & Varejo,Renda Familiar,conceito de audiência,vertical,"B2B, Enterprise & Indústria",Outros / revisar,,B2B,cargo/função profissional,,média,mapear
423,Profissionais de Vendas e Comércio Varejista (Base Serasa/CBO),Profissionais de Vendas e Comércio Varejista (CBO),profissionais de vendas e comercio varejista (base serasa/cbo),Programática,Consumo & Varejo,Renda Familiar,conceito de audiência,vertical,"B2B, Enterprise & Indústria",Funções corporativas,,B2B,cargo/função profissional,,alta,mapear
424,Profissionais de Saúde (Base Serasa/CBO),Profissionais de Saúde (CBO),profissionais de saude (base serasa/cbo),Programática,Consumo & Varejo,Renda Familiar,conceito de audiência,vertical,"Saúde, Bem-estar & Beleza",Saúde e prevenção,"B2B, Enterprise & Indústria",B2B,cargo/função profissional,,média,mapear
425,Profissionais do Setor de Transporte e Logística (Base Serasa/CBO),Profissionais do Setor de Transporte e Logística (CBO),profissionais do setor de transporte e logistica (base serasa/cbo),Programática,Consumo & Varejo,Renda Familiar,conceito de audiência,vertical,"Automotivo, Mobilidade & Logística",Logística e transporte de cargas,"B2B, Enterprise & Indústria",B2B,cargo/função profissional,,média,mapear
426,Profissionais de TI e Infraestrutura Tecnológica (Base Serasa/CBO),Profissionais de TI e Infraestrutura Tecnológica (CBO),profissionais de ti e infraestrutura tecnologica (base serasa/cbo),Programática,Consumo & Varejo,Renda Familiar,conceito de audiência,vertical,"B2B, Enterprise & Indústria",Funções corporativas,,B2B,cargo/função profissional,,alta,mapear
427,Público que acompanha futebol via rádio,Público que acompanha futebol via rádio,publico que acompanha futebol via radio,Programática,Entretenimento & Mídia,Consumidores de Notícias,conceito de audiência,vertical,"Entretenimento, Conteúdo & Esportes",Esportes e futebol,,Transversal/indefinido,,,alta,mapear
428,Ouvintes de rádio interessados em esportes/futebol,Ouvintes de rádio interessados em esportes/futebol,ouvintes de radio interessados em esportes/futebol,Programática,Entretenimento & Mídia,Consumidores de Notícias,contexto/afinidade de conteúdo,vertical,"Entretenimento, Conteúdo & Esportes",Esportes e futebol,,B2C,interesse/afinidade | consumo de conteúdo,Conhecimento | Consideração,alta,mapear
429,Pessoas interessadas em revistas de futebol,Pessoas interessadas em revistas de futebol,pessoas interessadas em revistas de futebol,Programática,Entretenimento & Mídia,Consumidores de Notícias,conceito de audiência,vertical,"Entretenimento, Conteúdo & Esportes",Esportes e futebol,,B2C,interesse/afinidade,Conhecimento | Consideração,alta,mapear
430,Torcedores de clubes de futebol do Rio de Janeiro - Kantar IBOPE,Torcedores de clubes de futebol do Rio de Janeiro,torcedores de clubes de futebol do rio de janeiro - kantar ibope,Programática,Entretenimento & Mídia,Consumidores de Notícias,conceito de audiência,vertical,"Entretenimento, Conteúdo & Esportes",Esportes e futebol,,Transversal/indefinido,,,alta,mapear
431,Interessados em clubes do futebol brasileiro,Interessados em clubes do futebol brasileiro,interessados em clubes do futebol brasileiro,Programática,Entretenimento & Mídia,Consumidores de Notícias,conceito de audiência,vertical,"Entretenimento, Conteúdo & Esportes",Esportes e futebol,,B2C,interesse/afinidade,Conhecimento | Consideração,alta,mapear
432,Pessoas que declaram torcer para algum time de futebol brasileiro,Pessoas que declaram torcer para algum time de futebol brasileiro,pessoas que declaram torcer para algum time de futebol brasileiro,Programática,Entretenimento & Mídia,Consumidores de Notícias,conceito de audiência,vertical,"Entretenimento, Conteúdo & Esportes",Esportes e futebol,,B2C,,,alta,mapear
433,Estilo de vida: Interessados em futebol via Terra e VivoAds,Estilo de vida: Interessados em futebol via Terra e VivoAds,estilo de vida: interessados em futebol via terra e vivoads,Programática,Entretenimento & Mídia,Consumidores de Notícias,conceito de audiência,vertical,"Entretenimento, Conteúdo & Esportes",Esportes e futebol,,B2C,interesse/afinidade,Conhecimento | Consideração,alta,mapear
434,Consumidores de conteúdo de futebol no formato televisão,Consumidores de conteúdo de futebol no formato televisão,consumidores de conteudo de futebol no formato televisao,Programática,Entretenimento & Mídia,Consumidores de Notícias,contexto/afinidade de conteúdo,vertical,"Entretenimento, Conteúdo & Esportes",Esportes e futebol,,B2C,compra/consumo observado | consumo de conteúdo,Conhecimento | Consideração | Conversão,alta,mapear
435,Pessoas interessadas em programas de TV sobre futebol,Pessoas interessadas em programas de TV sobre futebol,pessoas interessadas em programas de tv sobre futebol,Programática,Entretenimento & Mídia,Consumidores de Notícias,conceito de audiência,vertical,"Entretenimento, Conteúdo & Esportes",Esportes e futebol,,B2C,interesse/afinidade,Conhecimento | Consideração,alta,mapear
436,Torcedores de clubes de futebol de São Paulo - Kantar IBOPE,Torcedores de clubes de futebol de São Paulo,torcedores de clubes de futebol de sao paulo - kantar ibope,Programática,Entretenimento & Mídia,Consumidores de Notícias,conceito de audiência,vertical,"Entretenimento, Conteúdo & Esportes",Esportes e futebol,,Transversal/indefinido,,,alta,mapear
437,Telespectadores da Copa Libertadores,Telespectadores da Copa Libertadores,telespectadores da copa libertadores,Programática,Entretenimento & Mídia,Consumidores de Notícias,contexto/afinidade de conteúdo,vertical,"Entretenimento, Conteúdo & Esportes",Esportes e futebol,,B2C,consumo de conteúdo,Conhecimento | Consideração,alta,mapear
438,Telespectadores de futebol brasileiro,Telespectadores de futebol brasileiro,telespectadores de futebol brasileiro,Programática,Entretenimento & Mídia,Consumidores de Notícias,contexto/afinidade de conteúdo,vertical,"Entretenimento, Conteúdo & Esportes",Esportes e futebol,,B2C,consumo de conteúdo,Conhecimento | Consideração,alta,mapear
439,Público com alta propensão de afinidade por futebol - Serasa Experian,Público com alta propensão de afinidade por futebol,publico com alta propensao de afinidade por futebol - serasa experian,Programática,Entretenimento & Mídia,Consumidores de Notícias,conceito de audiência,vertical,"Entretenimento, Conteúdo & Esportes",Esportes e futebol,,Transversal/indefinido,demográfico/socioeconômico | interesse/afinidade,Conhecimento | Consideração,alta,mapear
440,"Pessoas que praticam futebol e esportes, baseado em dados Kantar IBOPE no Brasil.",Pessoas que praticam futebol e esportes,"pessoas que praticam futebol e esportes, baseado em dados kantar ibope no brasil.",Programática,Saúde & Bem-estar,Fitness & Esportes (Praticantes),conceito de audiência,vertical,"Entretenimento, Conteúdo & Esportes",Esportes e futebol,,B2C,,,alta,mapear
441,Praticantes Ativos de Futebol Brasil,Praticantes Ativos de Futebol Brasil,praticantes ativos de futebol brasil,Programática,Saúde & Bem-estar,Fitness & Esportes (Praticantes),conceito de audiência,vertical,"Entretenimento, Conteúdo & Esportes",Esportes e futebol,,Transversal/indefinido,,,alta,mapear
442,"Consumidores recorrentes de diversos tipos de mídia (TV, Digital, Impresso)","Consumidores recorrentes de diversos tipos de mídia (TV, Digital, Impresso)","consumidores recorrentes de diversos tipos de midia (tv, digital, impresso)",Programática,Entretenimento & Mídia,Consumidores de Notícias,conceito de audiência,vertical,"Entretenimento, Conteúdo & Esportes",Outros / revisar,,B2C,compra/consumo observado,Consideração | Conversão,média,mapear
443,Pessoas interessadas em leitura de jornais e notícias gerais,Pessoas interessadas em leitura de jornais e notícias gerais,pessoas interessadas em leitura de jornais e noticias gerais,Programática,Entretenimento & Mídia,Consumidores de Notícias,conceito de audiência,vertical,"Entretenimento, Conteúdo & Esportes",Notícias e atualidades,,B2C,contextual/editorial | interesse/afinidade,Conhecimento | Consideração,alta,mapear
444,Espectadores que assistiram futebol brasileiro na TV nos últimos 30 dias,Espectadores que assistiram futebol brasileiro na TV nos últimos 30 dias,espectadores que assistiram futebol brasileiro na tv nos ultimos 30 dias,Programática,Entretenimento & Mídia,Consumidores de Notícias,contexto/afinidade de conteúdo,vertical,"Entretenimento, Conteúdo & Esportes",Esportes e futebol,,B2C,consumo de conteúdo,Conhecimento | Consideração,alta,mapear
445,Público que consome notícias e conteúdos de futebol online,Público que consome notícias e conteúdos de futebol online,publico que consome noticias e conteudos de futebol online,Programática,Entretenimento & Mídia,Consumidores de Notícias,contexto/afinidade de conteúdo,vertical,"Entretenimento, Conteúdo & Esportes",Esportes e futebol,,Transversal/indefinido,contextual/editorial | consumo de conteúdo,Conhecimento | Consideração,alta,mapear
446,Usuários interessados em tecnologia e consumo de conteúdo via internet,Usuários interessados em tecnologia e consumo de conteúdo via internet,usuarios interessados em tecnologia e consumo de conteudo via internet,Programática,Entretenimento & Mídia,Consumidores de Notícias,contexto/afinidade de conteúdo,vertical,"B2B, Enterprise & Indústria",Tecnologia B2B,,B2C,interesse/afinidade | consumo de conteúdo,Conhecimento | Consideração,alta,mapear
447,Público brasileiro com hábito frequente de jogar futebol,Público brasileiro com hábito frequente de jogar futebol,publico brasileiro com habito frequente de jogar futebol,Programática,Entretenimento & Mídia,Fãs de Música & Shows,conceito de audiência,vertical,"Entretenimento, Conteúdo & Esportes",Esportes e futebol,,Transversal/indefinido,,,alta,mapear
448,Pessoas que estiveram presencialmente em jogos de futebol nos últimos 12 meses,Pessoas que estiveram presencialmente em jogos de futebol nos últimos 12 meses,pessoas que estiveram presencialmente em jogos de futebol nos ultimos 12 meses,Programática,Entretenimento & Mídia,Fãs de Música & Shows,conceito de audiência,vertical,"Entretenimento, Conteúdo & Esportes",Esportes e futebol,,B2C,,,alta,mapear
449,Interessados em eventos esportivos de futebol no Brasil,Interessados em eventos esportivos de futebol no Brasil,interessados em eventos esportivos de futebol no brasil,Programática,Entretenimento & Mídia,Fãs de Música & Shows,conceito de audiência,vertical,"Entretenimento, Conteúdo & Esportes",Esportes e futebol,,B2C,interesse/afinidade,Conhecimento | Consideração,alta,mapear
450,Afinidade com a marca Yoshinoya e consumidores de Fast Food,Afinidade com a marca Yoshinoya e consumidores de Fast Food,afinidade com a marca yoshinoya e consumidores de fast food,Programática,Consumo & Varejo,Foco em Comida Rápida (Fast Food),conceito de audiência,vertical,Varejo & Consumo,"Alimentos, bebidas e gastronomia",,B2C,compra/consumo observado | demográfico/socioeconômico | interesse/afinidade,Conhecimento | Consideração | Conversão,alta,mapear
455,Trabalhadores e pequenos produtores rurais do Sul e Centro-Oeste,Trabalhadores e pequenos produtores rurais do Sul e Centro-Oeste,trabalhadores e pequenos produtores rurais do sul e centro-oeste,Programática,B2B & Indústria,Perfil Financeiro & Estilo de Vida,conceito de audiência,vertical,Agronegócio,Produtores rurais,,Transversal/indefinido,,,alta,mapear
456,Público adulto maduro residente em bairros urbanos consolidados,Público adulto maduro residente em bairros urbanos consolidados,publico adulto maduro residente em bairros urbanos consolidados,Programática,B2B & Indústria,Perfil Financeiro & Estilo de Vida,conceito de audiência,vertical,Finanças & Seguros,Outros / revisar,,B2C,demográfico/socioeconômico,,média,mapear
457,Jovens adultos ligados à agricultura familiar nas regiões Norte e Nordeste,Jovens adultos ligados à agricultura familiar nas regiões Norte e Nordeste,jovens adultos ligados a agricultura familiar nas regioes norte e nordeste,Programática,B2B & Indústria,Perfil Financeiro & Estilo de Vida,conceito de audiência,vertical,Agronegócio,Produtores rurais,"Entretenimento, Conteúdo & Esportes",B2C,demográfico/socioeconômico,,média,mapear
458,Residentes em áreas periféricas ou próximas a polos industriais metropolitanos,Residentes em áreas periféricas ou próximas a polos industriais metropolitanos,residentes em areas perifericas ou proximas a polos industriais metropolitanos,Programática,B2B & Indústria,Perfil Financeiro & Estilo de Vida,conceito de audiência,vertical,"B2B, Enterprise & Indústria",Indústria e manufatura,,B2B,empresa/firmográfico | demográfico/socioeconômico,,alta,mapear
459,Jovens adultos em início de carreira e ascensão profissional,Jovens adultos em início de carreira e ascensão profissional,jovens adultos em inicio de carreira e ascensao profissional,Programática,B2B & Indústria,Perfil Financeiro & Estilo de Vida,conceito de audiência,vertical,"B2B, Enterprise & Indústria",Outros / revisar,Educação & Carreira,Híbrido,cargo/função profissional,,média,mapear
460,Jovens adultos estabelecendo vida profissional e pessoal no interior,Jovens adultos estabelecendo vida profissional e pessoal no interior,jovens adultos estabelecendo vida profissional e pessoal no interior,Programática,B2B & Indústria,Perfil Financeiro & Estilo de Vida,conceito de audiência,vertical,"B2B, Enterprise & Indústria",Outros / revisar,,Híbrido,cargo/função profissional,,média,mapear
461,Pessoas de terceira idade residentes em áreas rurais do interior,Pessoas de terceira idade residentes em áreas rurais do interior,pessoas de terceira idade residentes em areas rurais do interior,Programática,B2B & Indústria,Perfil Financeiro & Estilo de Vida,conceito de audiência,vertical,Agronegócio,Outros / revisar,,B2C,demográfico/socioeconômico,,média,mapear
462,Jovens adultos vivendo em famílias grandes nas regiões Norte e Nordeste,Jovens adultos vivendo em famílias grandes nas regiões Norte e Nordeste,jovens adultos vivendo em familias grandes nas regioes norte e nordeste,Programática,B2B & Indústria,Perfil Financeiro & Estilo de Vida,conceito de audiência,vertical,Finanças & Seguros,Outros / revisar,,B2C,demográfico/socioeconômico,,média,mapear
463,Público jovem com alta mobilidade em grandes centros urbanos,Público jovem com alta mobilidade em grandes centros urbanos,publico jovem com alta mobilidade em grandes centros urbanos,Programática,B2B & Indústria,Perfil Financeiro & Estilo de Vida,conceito de audiência,vertical,"Automotivo, Mobilidade & Logística",Outros / revisar,,B2C,demográfico/socioeconômico,,média,mapear
464,"Adultos residentes em áreas rurais ou remotas, longe de centros urbanos","Adultos residentes em áreas rurais ou remotas, longe de centros urbanos","adultos residentes em areas rurais ou remotas, longe de centros urbanos",Programática,B2B & Indústria,Perfil Financeiro & Estilo de Vida,conceito de audiência,vertical,Agronegócio,Outros / revisar,,B2C,demográfico/socioeconômico,,média,mapear
465,Trabalhadores com experiência em cidades dependentes do agronegócio e extrativismo,Trabalhadores com experiência em cidades dependentes do agronegócio e extrativismo,trabalhadores com experiencia em cidades dependentes do agronegocio e extrativismo,Programática,B2B & Indústria,Perfil Financeiro & Estilo de Vida,conceito de audiência,vertical,Agronegócio,Outros / revisar,,Transversal/indefinido,demográfico/socioeconômico,,média,mapear
466,Jovens adultos residentes em comunidades urbanas e regiões de litoral,Jovens adultos residentes em comunidades urbanas e regiões de litoral,jovens adultos residentes em comunidades urbanas e regioes de litoral,Programática,B2B & Indústria,Perfil Financeiro & Estilo de Vida,conceito de audiência,vertical,Finanças & Seguros,Outros / revisar,,B2C,demográfico/socioeconômico,,média,mapear
467,Consumidores com afinidade em serviços de TV por assinatura,Consumidores com afinidade em serviços de TV por assinatura,consumidores com afinidade em servicos de tv por assinatura,Programática,Consumo & Varejo,Renda Familiar,conceito de audiência,vertical,Serviços ao Consumidor,Serviços profissionais e locais,,B2C,compra/consumo observado | demográfico/socioeconômico | interesse/afinidade,Conhecimento | Consideração | Conversão,alta,mapear
468,Consumidores com afinidade em planos de telefonia celular pós-paga,Consumidores com afinidade em planos de telefonia celular pós-paga,consumidores com afinidade em planos de telefonia celular pos-paga,Programática,Consumo & Varejo,Alta Renda,conceito de audiência,vertical,Serviços ao Consumidor,Telecom e conectividade,,B2C,compra/consumo observado | demográfico/socioeconômico | interesse/afinidade,Conhecimento | Consideração | Conversão,alta,mapear
470,Público com altíssimo potencial de crédito e alto poder aquisitivo,Público com altíssimo potencial de crédito e alto poder aquisitivo,publico com altissimo potencial de credito e alto poder aquisitivo,Programática,Consumo & Varejo,Alta Renda,conceito de audiência,vertical,Finanças & Seguros,Crédito e empréstimos,,Transversal/indefinido,,,alta,mapear
471,Público demográfico: Adultos solteiros,Público demográfico: Adultos solteiros,publico demografico: adultos solteiros,Programática,Consumo & Varejo,Renda Familiar,perfil transversal,transversal,,,,B2C,,Conhecimento,alta,mapear
472,Consumidores com afinidade em serviços de internet banda larga,Consumidores com afinidade em serviços de internet banda larga,consumidores com afinidade em servicos de internet banda larga,Programática,Consumo & Varejo,Renda Familiar,conceito de audiência,vertical,Serviços ao Consumidor,Telecom e conectividade,,B2C,compra/consumo observado | demográfico/socioeconômico | interesse/afinidade,Conhecimento | Consideração | Conversão,alta,mapear
473,Consumidores com afinidade em planos de telefonia celular pré-paga,Consumidores com afinidade em planos de telefonia celular pré-paga,consumidores com afinidade em planos de telefonia celular pre-paga,Programática,Consumo & Varejo,,conceito de audiência,vertical,Serviços ao Consumidor,Telecom e conectividade,,B2C,compra/consumo observado | demográfico/socioeconômico | interesse/afinidade,Conhecimento | Consideração | Conversão,alta,mapear
474,Público demográfico: Pessoas casadas,Público demográfico: Pessoas casadas,publico demografico: pessoas casadas,Programática,Consumo & Varejo,Renda Familiar,perfil transversal,transversal,,,,B2C,,Conhecimento,alta,mapear
475,Consumidores com interesse e afinidade em aparelhos smartphones,Consumidores com interesse e afinidade em aparelhos smartphones,consumidores com interesse e afinidade em aparelhos smartphones,Programática,Consumo & Varejo,Renda Familiar,conceito de audiência,vertical,Varejo & Consumo,Eletrônicos e eletrodomésticos,,B2C,compra/consumo observado | demográfico/socioeconômico | interesse/afinidade,Conhecimento | Consideração | Conversão,alta,mapear
476,"Empresários e Profissionais de Artes, Entretenimento, Esportes e Lazer","Empresários e Profissionais de Artes, Entretenimento, Esportes e Lazer","empresarios e profissionais de artes, entretenimento, esportes e lazer",Programática,B2B & Indústria,Perfil Financeiro & Estilo de Vida,conceito de audiência,vertical,"Entretenimento, Conteúdo & Esportes",Esportes e futebol,"B2B, Enterprise & Indústria",B2B,cargo/função profissional | empresa/firmográfico,,média,mapear
477,Empresários e Profissionais de Comércio e Manutenção Automotiva,Empresários e Profissionais de Comércio e Manutenção Automotiva,empresarios e profissionais de comercio e manutencao automotiva,Programática,B2B & Indústria,Perfil Financeiro & Estilo de Vida,conceito de audiência,vertical,"Automotivo, Mobilidade & Logística",Serviços automotivos,"B2B, Enterprise & Indústria",B2B,cargo/função profissional | empresa/firmográfico,,média,mapear
478,Empresários e Profissionais da Indústria de Transformação/Manufatura,Empresários e Profissionais da Indústria de Transformação/Manufatura,empresarios e profissionais da industria de transformacao/manufatura,Programática,B2B & Indústria,Perfil Financeiro & Estilo de Vida,conceito de audiência,vertical,"Entretenimento, Conteúdo & Esportes","Cinema, séries e gêneros","B2B, Enterprise & Indústria",B2B,cargo/função profissional | empresa/firmográfico,,média,mapear
479,"Empresários e Profissionais de Serviços Científicos, Técnicos e Consultoria","Empresários e Profissionais de Serviços Científicos, Técnicos e Consultoria","empresarios e profissionais de servicos cientificos, tecnicos e consultoria",Programática,B2B & Indústria,Perfil Financeiro & Estilo de Vida,conceito de audiência,vertical,"B2B, Enterprise & Indústria",Outros / revisar,,B2B,cargo/função profissional | empresa/firmográfico,,média,mapear
480,"Empresários e Profissionais de Hotéis, Restaurantes e Alimentação","Empresários e Profissionais de Hotéis, Restaurantes e Alimentação","empresarios e profissionais de hoteis, restaurantes e alimentacao",Programática,B2B & Indústria,Perfil Financeiro & Estilo de Vida,conceito de audiência,vertical,Varejo & Consumo,"Alimentos, bebidas e gastronomia","Entretenimento, Conteúdo & Esportes | B2B, Enterprise & Indústria",B2B,cargo/função profissional | empresa/firmográfico,,média,mapear
481,Empresários e Profissionais da Saúde e Serviços Sociais,Empresários e Profissionais da Saúde e Serviços Sociais,empresarios e profissionais da saude e servicos sociais,Programática,B2B & Indústria,Perfil Financeiro & Estilo de Vida,conceito de audiência,vertical,"Saúde, Bem-estar & Beleza",Saúde e prevenção,"B2B, Enterprise & Indústria",B2B,cargo/função profissional | empresa/firmográfico,,média,mapear
482,"Empresários e Profissionais de Tecnologia, Informação e Comunicação","Empresários e Profissionais de Tecnologia, Informação e Comunicação","empresarios e profissionais de tecnologia, informacao e comunicacao",Programática,B2B & Indústria,Perfil Financeiro & Estilo de Vida,conceito de audiência,vertical,"Entretenimento, Conteúdo & Esportes","Cinema, séries e gêneros","B2B, Enterprise & Indústria",B2B,cargo/função profissional | empresa/firmográfico,,média,mapear
483,Empresários e Profissionais do Setor de Educação,Empresários e Profissionais do Setor de Educação,empresarios e profissionais do setor de educacao,Programática,B2B & Indústria,Perfil Financeiro & Estilo de Vida,conceito de audiência,vertical,Educação & Carreira,Outros / revisar,"Entretenimento, Conteúdo & Esportes | B2B, Enterprise & Indústria",B2B,cargo/função profissional | empresa/firmográfico,,média,mapear
484,Empresários e Profissionais do Setor de Construção Civil,Empresários e Profissionais do Setor de Construção Civil,empresarios e profissionais do setor de construcao civil,Programática,B2B & Indústria,Perfil Financeiro & Estilo de Vida,conceito de audiência,vertical,Imobiliário & Construção,"Construção, reforma e materiais","B2B, Enterprise & Indústria",B2B,cargo/função profissional | empresa/firmográfico,,média,mapear
486,Empresários e Profissionais do Setor Financeiro e de Seguros,Empresários e Profissionais do Setor Financeiro e de Seguros,empresarios e profissionais do setor financeiro e de seguros,Programática,B2B & Indústria,Perfil Financeiro & Estilo de Vida,conceito de audiência,vertical,Finanças & Seguros,Seguros e previdência,"B2B, Enterprise & Indústria",B2B,cargo/função profissional | empresa/firmográfico,,média,mapear
487,Empresários e Profissionais de Serviços Administrativos e de Apoio,Empresários e Profissionais de Serviços Administrativos e de Apoio,empresarios e profissionais de servicos administrativos e de apoio,Programática,B2B & Indústria,Perfil Financeiro & Estilo de Vida,conceito de audiência,vertical,"B2B, Enterprise & Indústria",Outros / revisar,,B2B,cargo/função profissional | empresa/firmográfico,,média,mapear
488,Empresários e profissionais do ecossistema automotivo,Empresários e profissionais do ecossistema automotivo,empresarios e profissionais do ecossistema automotivo,Programática,B2B & Indústria,Pequenos e Médios Empresários (PME),conceito de audiência,vertical,"Automotivo, Mobilidade & Logística",Outros / revisar,"B2B, Enterprise & Indústria",B2B,cargo/função profissional | empresa/firmográfico,,média,mapear
489,Atacadistas e distribuidores de produtos não alimentícios,Atacadistas e distribuidores de produtos não alimentícios,atacadistas e distribuidores de produtos nao alimenticios,Programática,B2B & Indústria,Pequenos e Médios Empresários (PME),conceito de audiência,vertical,"B2B, Enterprise & Indústria",Atacado e distribuição,,B2B,,,alta,mapear
490,Empresários e gestores do setor de prestação de serviços,Empresários e gestores do setor de prestação de serviços,empresarios e gestores do setor de prestacao de servicos,Programática,B2B & Indústria,Pequenos e Médios Empresários (PME),conceito de audiência,vertical,"Entretenimento, Conteúdo & Esportes","Cinema, séries e gêneros","B2B, Enterprise & Indústria",B2B,cargo/função profissional | empresa/firmográfico,,média,mapear
491,Empresários e profissionais do setor de indústria e fabricação,Empresários e profissionais do setor de indústria e fabricação,empresarios e profissionais do setor de industria e fabricacao,Programática,B2B & Indústria,Pequenos e Médios Empresários (PME),conceito de audiência,vertical,"Entretenimento, Conteúdo & Esportes","Cinema, séries e gêneros","B2B, Enterprise & Indústria",B2B,cargo/função profissional | empresa/firmográfico,,média,mapear
492,Microempreendedores e pequenas empresas com até 9 funcionários (Serasa Experian),Microempreendedores e pequenas empresas com até 9 funcionários,microempreendedores e pequenas empresas com ate 9 funcionarios (serasa experian),Programática,B2B & Indústria,Pequenos e Médios Empresários (PME),conceito de audiência,vertical,"B2B, Enterprise & Indústria",PMEs e empreendedores,,B2B,empresa/firmográfico,,alta,mapear
493,"Empresários do Varejo de Alimentos (mercados, mercearias)","Empresários do Varejo de Alimentos (mercados, mercearias)","empresarios do varejo de alimentos (mercados, mercearias)",Programática,B2B & Indústria,Pequenos e Médios Empresários (PME),conceito de audiência,vertical,Varejo & Consumo,"Alimentos, bebidas e gastronomia","B2B, Enterprise & Indústria",B2B,empresa/firmográfico,,média,mapear
494,Profissionais e tomadores de decisão do setor de alimentação,Profissionais e tomadores de decisão do setor de alimentação,profissionais e tomadores de decisao do setor de alimentacao,Programática,B2B & Indústria,Pequenos e Médios Empresários (PME),conceito de audiência,vertical,"Entretenimento, Conteúdo & Esportes","Cinema, séries e gêneros","B2B, Enterprise & Indústria",B2B,cargo/função profissional,,média,mapear
495,Atacadistas e distribuidores de produtos alimentícios,Atacadistas e distribuidores de produtos alimentícios,atacadistas e distribuidores de produtos alimenticios,Programática,B2B & Indústria,Pequenos e Médios Empresários (PME),conceito de audiência,vertical,"B2B, Enterprise & Indústria",Atacado e distribuição,,B2B,,,alta,mapear
496,Empresários de serviços diversos (CNAE Categoria S),Empresários de serviços diversos (CNAE Categoria S),empresarios de servicos diversos (cnae categoria s),Programática,B2B & Indústria,Pequenos e Médios Empresários (PME),conceito de audiência,vertical,"B2B, Enterprise & Indústria",Outros / revisar,,B2B,empresa/firmográfico,,média,mapear
497,Empresários e gestores do setor de comércio em geral,Empresários e gestores do setor de comércio em geral,empresarios e gestores do setor de comercio em geral,Programática,B2B & Indústria,Pequenos e Médios Empresários (PME),conceito de audiência,vertical,"B2B, Enterprise & Indústria",Outros / revisar,,B2B,cargo/função profissional | empresa/firmográfico,,média,mapear
498,Empresários do setor de logística e transportes,Empresários do setor de logística e transportes,empresarios do setor de logistica e transportes,Programática,B2B & Indústria,Pequenos e Médios Empresários (PME),conceito de audiência,vertical,"Automotivo, Mobilidade & Logística",Logística e transporte de cargas,"B2B, Enterprise & Indústria",B2B,empresa/firmográfico,,média,mapear
499,Líderes e proprietários de indústrias em geral,Líderes e proprietários de indústrias em geral,lideres e proprietarios de industrias em geral,Programática,B2B & Indústria,Executivos C-Level & Diretores,conceito de audiência,vertical,"B2B, Enterprise & Indústria",Indústria e manufatura,,B2B,empresa/firmográfico,,alta,mapear
501,Empresários e Profissionais do Setor de Varejo Geral (Não Alimentício),Empresários e Profissionais do Setor de Varejo Geral (Não Alimentício),empresarios e profissionais do setor de varejo geral (nao alimenticio),Programática,B2B & Indústria,Pequenos e Médios Empresários (PME),conceito de audiência,vertical,Varejo & Consumo,Outros / revisar,"B2B, Enterprise & Indústria",B2B,cargo/função profissional | empresa/firmográfico,,média,mapear
502,Score Bom (700-799),Score Bom (700-799),score bom (700-799),Serasa,Finanças & Seguros,"Investimentos (Ações, Fundos)",conceito de audiência,vertical,Finanças & Seguros,Perfil e saúde financeira,,Transversal/indefinido,,,alta,mapear
503,Score Alto (Excelente - 800+),Score Alto (Excelente - 800+),score alto (excelente - 800+),Serasa,Finanças & Seguros,"Investimentos (Ações, Fundos)",conceito de audiência,vertical,Finanças & Seguros,Perfil e saúde financeira,,Transversal/indefinido,,,alta,mapear
504,Score Baixo (300-499),Score Baixo (300-499),score baixo (300-499),Serasa,Finanças & Seguros,"Investimentos (Ações, Fundos)",conceito de audiência,vertical,Finanças & Seguros,Perfil e saúde financeira,,Transversal/indefinido,,,alta,mapear
506,Score Muito Baixo (0-299),Score Muito Baixo (0-299),score muito baixo (0-299),Serasa,Finanças & Seguros,"Investimentos (Ações, Fundos)",conceito de audiência,vertical,Finanças & Seguros,Perfil e saúde financeira,,Transversal/indefinido,,,alta,mapear
507,Potencial Bom Pagador,Potencial Bom Pagador,potencial bom pagador,Serasa,Finanças & Seguros,"Investimentos (Ações, Fundos)",conceito de audiência,vertical,Finanças & Seguros,Perfil e saúde financeira,,Transversal/indefinido,,,média,mapear
510,Score Médio (500-699),Score Médio (500-699),score medio (500-699),Serasa,Finanças & Seguros,"Investimentos (Ações, Fundos)",conceito de audiência,vertical,Finanças & Seguros,Perfil e saúde financeira,,Transversal/indefinido,,,alta,mapear
511,Adimplentes Recorrentes,Adimplentes Recorrentes,adimplentes recorrentes,Serasa,Finanças & Seguros,"Investimentos (Ações, Fundos)",conceito de audiência,vertical,Finanças & Seguros,Perfil e saúde financeira,,Transversal/indefinido,,,alta,mapear
512,Em Recuperação de Crédito,Em Recuperação de Crédito,em recuperacao de credito,Serasa,Finanças & Seguros,"Investimentos (Ações, Fundos)",conceito de audiência,vertical,Finanças & Seguros,Crédito e empréstimos,"Entretenimento, Conteúdo & Esportes",Transversal/indefinido,,,média,mapear
514,Mulheres Serasa,Mulheres,mulheres serasa,Serasa,Consumo & Varejo,,perfil transversal,transversal,,,,B2C,demográfico/socioeconômico,Conhecimento,alta,mapear
515,Homens Serasa,Homens,homens serasa,Serasa,Consumo & Varejo,,perfil transversal,transversal,,,,Transversal/indefinido,,Conhecimento,alta,mapear
516,Jovens Adultos (18-24),Jovens Adultos (18-24),jovens adultos (18-24),Serasa,Consumo & Varejo,,perfil transversal,transversal,,,,B2C,,Conhecimento,alta,mapear
517,Adultos Jovens (25-34),Adultos Jovens (25-34),adultos jovens (25-34),Serasa,Consumo & Varejo,,perfil transversal,transversal,,,,B2C,,Conhecimento,alta,mapear
518,Adultos Estabelecidos (35-44),Adultos Estabelecidos (35-44),adultos estabelecidos (35-44),Serasa,Consumo & Varejo,,perfil transversal,transversal,,,,B2C,,Conhecimento,alta,mapear
519,Meia Idade e Sênior (45+),Meia Idade e Sênior (45+),meia idade e senior (45+),Serasa,Consumo & Varejo,,perfil transversal,transversal,,,,Transversal/indefinido,demográfico/socioeconômico,Conhecimento,alta,mapear
522,Média-Alta Renda (R$ 5-10k),Média-Alta Renda (R$ 5-10k),media-alta renda (r$ 5-10k),Serasa,Consumo & Varejo,,perfil transversal,transversal,,,,Transversal/indefinido,demográfico/socioeconômico,Conhecimento,alta,mapear
523,"Média Renda (R$ 2,5-5k)","Média Renda (R$ 2,5-5k)","media renda (r$ 2,5-5k)",Serasa,Consumo & Varejo,,perfil transversal,transversal,,,,Transversal/indefinido,demográfico/socioeconômico,Conhecimento,alta,mapear
524,"Média-Baixa Renda (R$ 1,5-2,5k)","Média-Baixa Renda (R$ 1,5-2,5k)","media-baixa renda (r$ 1,5-2,5k)",Serasa,Consumo & Varejo,,perfil transversal,transversal,,,,Transversal/indefinido,demográfico/socioeconômico,Conhecimento,alta,mapear
525,"Baixa Renda (até R$ 1,5k)","Baixa Renda (até R$ 1,5k)","baixa renda (ate r$ 1,5k)",Serasa,Consumo & Varejo,,perfil transversal,transversal,,,,Transversal/indefinido,demográfico/socioeconômico,Conhecimento,alta,mapear
526,Empresas do Agronegócio,Empresas do Agronegócio,empresas do agronegocio,Serasa,B2B & Indústria,,conceito de audiência,vertical,Agronegócio,Outros / revisar,"B2B, Enterprise & Indústria",B2B,empresa/firmográfico,,média,mapear
527,Atacadistas e Distribuidoras,Atacadistas e Distribuidoras,atacadistas e distribuidoras,Serasa,B2B & Indústria,,conceito de audiência,vertical,"B2B, Enterprise & Indústria",Atacado e distribuição,,B2B,,,alta,mapear
528,Empresas de Varejo,Empresas de Varejo,empresas de varejo,Serasa,B2B & Indústria,,conceito de audiência,vertical,Varejo & Consumo,Outros / revisar,"B2B, Enterprise & Indústria",B2B,empresa/firmográfico,,média,mapear
529,Construção e Imóveis,Construção e Imóveis,construcao e imoveis,Serasa,B2B & Indústria,,conceito de audiência,vertical,Imobiliário & Construção,"Construção, reforma e materiais",,Transversal/indefinido,,,alta,mapear
530,Indústrias,Indústrias,industrias,Serasa,B2B & Indústria,,conceito de audiência,vertical,"B2B, Enterprise & Indústria",Indústria e manufatura,,B2B,empresa/firmográfico,,alta,mapear
531,Logística e Transporte,Logística e Transporte,logistica e transporte,Serasa,B2B & Indústria,,conceito de audiência,vertical,"Automotivo, Mobilidade & Logística",Logística e transporte de cargas,,Transversal/indefinido,,,alta,mapear
532,Audiencia UNKNOWN_unknown-sem-nome,Audiencia UNKNOWN_unknown-sem-nome,audiencia unknown_unknown-sem-nome,DV360,Finanças & Seguros,,inválido/quarentena,vertical,,,,Transversal/indefinido,,,alta,quarentenar
533,Empresas de Serviços,Empresas de Serviços,empresas de servicos,Serasa,B2B & Indústria,,conceito de audiência,vertical,"B2B, Enterprise & Indústria",Outros / revisar,,B2B,empresa/firmográfico,,média,mapear
535,Setor Público,Setor Público,setor publico,Serasa,B2B & Indústria,,conceito de audiência,vertical,"B2B, Enterprise & Indústria",Setor público e utilities,,Transversal/indefinido,,,alta,mapear
536,Tecnologia,Tecnologia,tecnologia,Serasa,B2B & Indústria,,conceito de audiência,vertical,"B2B, Enterprise & Indústria",Tecnologia B2B,,Transversal/indefinido,,,média,avaliar consolidação conceitual
537,Telecomunicações,Telecomunicações,telecomunicacoes,Serasa,B2B & Indústria,,conceito de audiência,vertical,Finanças & Seguros,Investimentos e patrimônio,Serviços ao Consumidor,Transversal/indefinido,,,média,mapear
538,Utilities (Energia/Água),Utilities (Energia/Água),utilities (energia/agua),Serasa,B2B & Indústria,,conceito de audiência,vertical,"B2B, Enterprise & Indústria",Setor público e utilities,,Transversal/indefinido,,,alta,mapear
539,Alta Renda (R$ 10.000+),Alta Renda (R$ 10.000+),alta renda (r$ 10.000+),Serasa,Consumo & Varejo,,perfil transversal,transversal,,,,Transversal/indefinido,demográfico/socioeconômico,Conhecimento,alta,mapear
540,Pequenas Empresas,Pequenas Empresas,pequenas empresas,Serasa,B2B & Indústria,Pequenos e Médios Empresários (PME),conceito de audiência,vertical,"B2B, Enterprise & Indústria",PMEs e empreendedores,,B2B,empresa/firmográfico,,alta,mapear
541,Médias Empresas,Médias Empresas,medias empresas,Serasa,B2B & Indústria,Pequenos e Médios Empresários (PME),conceito de audiência,vertical,"B2B, Enterprise & Indústria",Outros / revisar,,B2B,empresa/firmográfico,,média,mapear
542,Microempresas,Microempresas,microempresas,Serasa,B2B & Indústria,Microempresas,conceito de audiência,vertical,"B2B, Enterprise & Indústria",PMEs e empreendedores,,B2B,empresa/firmográfico,,alta,mapear
543,MEI - Microempreendedor,MEI - Microempreendedor,mei - microempreendedor,Serasa,B2B & Indústria,Microempresas,conceito de audiência,vertical,"B2B, Enterprise & Indústria",PMEs e empreendedores,,B2B,,,alta,mapear
544,Grandes Empresas,Grandes Empresas,grandes empresas,Serasa,B2B & Indústria,,conceito de audiência,vertical,"B2B, Enterprise & Indústria",Enterprise e grandes empresas,,B2B,empresa/firmográfico,,alta,mapear
545,Indústria Alimentícia,Indústria Alimentícia,industria alimenticia,Serasa,B2B & Indústria,,conceito de audiência,vertical,"B2B, Enterprise & Indústria",Indústria e manufatura,,B2B,empresa/firmográfico,,alta,mapear
546,Indústria Têxtil e Vestuário,Indústria Têxtil e Vestuário,industria textil e vestuario,Serasa,B2B & Indústria,,conceito de audiência,vertical,Varejo & Consumo,"Moda, beleza e acessórios","B2B, Enterprise & Indústria",B2B,empresa/firmográfico,,média,mapear
547,Indústria Química e Farmacêutica,Indústria Química e Farmacêutica,industria quimica e farmaceutica,Serasa,B2B & Indústria,,conceito de audiência,vertical,"Saúde, Bem-estar & Beleza",Outros / revisar,"B2B, Enterprise & Indústria",B2B,empresa/firmográfico,,média,mapear
548,Indústria de Plásticos e Borracha,Indústria de Plásticos e Borracha,industria de plasticos e borracha,Serasa,B2B & Indústria,,conceito de audiência,vertical,"B2B, Enterprise & Indústria",Indústria e manufatura,,B2B,empresa/firmográfico,,alta,mapear
549,Indústria Metalúrgica,Indústria Metalúrgica,industria metalurgica,Serasa,B2B & Indústria,,conceito de audiência,vertical,"B2B, Enterprise & Indústria",Indústria e manufatura,,B2B,empresa/firmográfico,,alta,mapear
550,Indústria de Móveis,Indústria de Móveis,industria de moveis,Serasa,B2B & Indústria,,conceito de audiência,vertical,"B2B, Enterprise & Indústria",Indústria e manufatura,,B2B,empresa/firmográfico,,alta,mapear
553,Indústria de Embalagens,Indústria de Embalagens,industria de embalagens,Serasa,B2B & Indústria,,conceito de audiência,vertical,"B2B, Enterprise & Indústria",Indústria e manufatura,,B2B,empresa/firmográfico,,alta,mapear
554,Indústria Automobilística,Indústria Automobilística,industria automobilistica,Serasa,B2B & Indústria,,conceito de audiência,vertical,"B2B, Enterprise & Indústria",Indústria e manufatura,,B2B,empresa/firmográfico,,alta,mapear
555,Construtoras de Edifícios,Construtoras de Edifícios,construtoras de edificios,Serasa,B2B & Indústria,,conceito de audiência,vertical,Imobiliário & Construção,Outros / revisar,,Transversal/indefinido,,,média,mapear
556,Incorporadoras Imobiliárias,Incorporadoras Imobiliárias,incorporadoras imobiliarias,Serasa,B2B & Indústria,,conceito de audiência,vertical,Imobiliário & Construção,Empresas e profissionais imobiliários,,Transversal/indefinido,,,alta,mapear
557,Imobiliárias,Imobiliárias,imobiliarias,Serasa,Consumo & Varejo,,conceito de audiência,vertical,Imobiliário & Construção,Empresas e profissionais imobiliários,,Transversal/indefinido,,,alta,mapear
558,Arquitetos e Engenheiros,Arquitetos e Engenheiros,arquitetos e engenheiros,Serasa,Consumo & Varejo,,conceito de audiência,vertical,Imobiliário & Construção,"Arquitetura, decoração e urbanismo",,Transversal/indefinido,,,alta,mapear
559,Obras de Infraestrutura,Obras de Infraestrutura,obras de infraestrutura,Serasa,Consumo & Varejo,,conceito de audiência,vertical,Imobiliário & Construção,"Construção, reforma e materiais",,Transversal/indefinido,,,alta,mapear
560,Instalações Elétricas/Hidráulicas,Instalações Elétricas/Hidráulicas,instalacoes eletricas/hidraulicas,Serasa,Consumo & Varejo,,conceito de audiência,vertical,Finanças & Seguros,Investimentos e patrimônio,,Transversal/indefinido,,,alta,mapear
561,Pintura e Acabamentos,Pintura e Acabamentos,pintura e acabamentos,Serasa,Consumo & Varejo,,conceito de audiência,vertical,Imobiliário & Construção,"Construção, reforma e materiais",,Transversal/indefinido,,,alta,mapear
562,Demolição e Preparação Terrenos,Demolição e Preparação Terrenos,demolicao e preparacao terrenos,Serasa,Consumo & Varejo,,conceito de audiência,vertical,"Entretenimento, Conteúdo & Esportes","Cinema, séries e gêneros",,Transversal/indefinido,,,alta,mapear
564,Desenvolvimento Software,Desenvolvimento Software,desenvolvimento software,Serasa,Consumo & Varejo,,conceito de audiência,vertical,"B2B, Enterprise & Indústria",Tecnologia B2B,,Transversal/indefinido,,,alta,mapear
565,E-commerce,E-commerce,e-commerce,Serasa,Consumo & Varejo,,conceito de audiência,vertical,Varejo & Consumo,Compradores e e-commerce,,Transversal/indefinido,,,alta,mapear
566,Consultoria em TI,Consultoria em TI,consultoria em ti,Serasa,Consumo & Varejo,,conceito de audiência,vertical,"B2B, Enterprise & Indústria",Funções corporativas,,Transversal/indefinido,,,alta,mapear
567,Suporte Técnico TI,Suporte Técnico TI,suporte tecnico ti,Serasa,Consumo & Varejo,,conceito de audiência,vertical,"B2B, Enterprise & Indústria",Funções corporativas,,Transversal/indefinido,,,alta,mapear
568,Agências Marketing Digital,Agências Marketing Digital,agencias marketing digital,Serasa,Consumo & Varejo,,conceito de audiência,vertical,"B2B, Enterprise & Indústria",Funções corporativas,,Transversal/indefinido,,,alta,mapear
569,Data Centers e Hospedagem,Data Centers e Hospedagem,data centers e hospedagem,Serasa,Consumo & Varejo,,conceito de audiência,vertical,"B2B, Enterprise & Indústria",Tecnologia B2B,,Transversal/indefinido,,,alta,mapear
570,Empresas de Cibersegurança,Empresas de Cibersegurança,empresas de ciberseguranca,Serasa,Consumo & Varejo,,conceito de audiência,vertical,"B2B, Enterprise & Indústria",Outros / revisar,,B2B,empresa/firmográfico,,média,mapear
571,Lojas de Informática,Lojas de Informática,lojas de informatica,Serasa,Consumo & Varejo,,conceito de audiência,vertical,Varejo & Consumo,Outros / revisar,,Transversal/indefinido,,,média,mapear
572,Hospitais e Pronto-Socorro,Hospitais e Pronto-Socorro,hospitais e pronto-socorro,Serasa,Consumo & Varejo,,conceito de audiência,vertical,"Saúde, Bem-estar & Beleza",Outros / revisar,,Transversal/indefinido,,,média,mapear
573,Clínicas Médicas Especializadas,Clínicas Médicas Especializadas,clinicas medicas especializadas,Serasa,Consumo & Varejo,,conceito de audiência,vertical,"Saúde, Bem-estar & Beleza",Profissionais e empresas de saúde,,Transversal/indefinido,,,alta,mapear
574,Clínicas Odontológicas,Clínicas Odontológicas,clinicas odontologicas,Serasa,Consumo & Varejo,,conceito de audiência,vertical,"Saúde, Bem-estar & Beleza",Profissionais e empresas de saúde,,Transversal/indefinido,,,alta,mapear
575,Distribuidoras de Medicamentos,Distribuidoras de Medicamentos,distribuidoras de medicamentos,Serasa,Consumo & Varejo,,conceito de audiência,vertical,"Saúde, Bem-estar & Beleza",Outros / revisar,"B2B, Enterprise & Indústria",B2B,,,média,mapear
576,Clínicas de Fisioterapia,Clínicas de Fisioterapia,clinicas de fisioterapia,Serasa,Consumo & Varejo,,conceito de audiência,vertical,"Saúde, Bem-estar & Beleza",Profissionais e empresas de saúde,,Transversal/indefinido,,,alta,mapear
577,Clínicas Veterinárias,Clínicas Veterinárias,clinicas veterinarias,Serasa,Consumo & Varejo,,conceito de audiência,vertical,Agronegócio,Veterinária e saúde animal,"Saúde, Bem-estar & Beleza",Transversal/indefinido,,,média,mapear
578,Transportadoras Carga Rodoviária,Transportadoras Carga Rodoviária,transportadoras carga rodoviaria,Serasa,Mobilidade,,conceito de audiência,vertical,"Automotivo, Mobilidade & Logística",Logística e transporte de cargas,,Transversal/indefinido,,,alta,mapear
579,Empresas Courier e Entregas,Empresas Courier e Entregas,empresas courier e entregas,Serasa,Mobilidade,,conceito de audiência,vertical,"Automotivo, Mobilidade & Logística",Logística e transporte de cargas,"B2B, Enterprise & Indústria",B2B,empresa/firmográfico,,média,mapear
580,Armazenamento e Depósitos,Armazenamento e Depósitos,armazenamento e depositos,Serasa,Mobilidade,,conceito de audiência,vertical,"Automotivo, Mobilidade & Logística",Logística e transporte de cargas,,Transversal/indefinido,,,alta,mapear
581,Transporte de Passageiros,Transporte de Passageiros,transporte de passageiros,Serasa,Mobilidade,,conceito de audiência,vertical,"Automotivo, Mobilidade & Logística",Mobilidade urbana e aplicativos,,Transversal/indefinido,,,alta,mapear
582,Operadores Logísticos 3PL/4PL,Operadores Logísticos 3PL/4PL,operadores logisticos 3pl/4pl,Serasa,Mobilidade,,conceito de audiência,vertical,"Automotivo, Mobilidade & Logística",Logística e transporte de cargas,,Transversal/indefinido,,,alta,mapear
583,Locadoras de Veículos,Locadoras de Veículos,locadoras de veiculos,Serasa,Mobilidade,,conceito de audiência,vertical,"Automotivo, Mobilidade & Logística",Outros / revisar,,Transversal/indefinido,,,média,mapear
584,Produtores de Grãos,Produtores de Grãos,produtores de graos,Serasa,B2B & Indústria,,conceito de audiência,vertical,Agronegócio,Produtores rurais,,Transversal/indefinido,,,alta,mapear
585,Pecuaristas,Pecuaristas,pecuaristas,Serasa,B2B & Indústria,,conceito de audiência,vertical,Agronegócio,Pecuária,,Transversal/indefinido,,,alta,mapear
586,Produtores de Café,Produtores de Café,produtores de cafe,Serasa,B2B & Indústria,,conceito de audiência,vertical,Agronegócio,Produtores rurais,,Transversal/indefinido,,,alta,mapear
587,Produtores de Cana,Produtores de Cana,produtores de cana,Serasa,B2B & Indústria,,conceito de audiência,vertical,Agronegócio,Produtores rurais,,Transversal/indefinido,,,alta,mapear
588,Cooperativas Agropecuárias,Cooperativas Agropecuárias,cooperativas agropecuarias,Serasa,B2B & Indústria,,conceito de audiência,vertical,Agronegócio,Pecuária,,Transversal/indefinido,,,alta,mapear
589,Distribuidores Insumos Agrícolas,Distribuidores Insumos Agrícolas,distribuidores insumos agricolas,Serasa,B2B & Indústria,,conceito de audiência,vertical,Agronegócio,Insumos e fertilizantes,"B2B, Enterprise & Indústria",B2B,,,média,mapear
590,Agroindústria,Agroindústria,agroindustria,Serasa,B2B & Indústria,,conceito de audiência,vertical,"B2B, Enterprise & Indústria",Indústria e manufatura,,B2B,empresa/firmográfico,,alta,mapear
591,Comércio Máquinas Agrícolas,Comércio Máquinas Agrícolas,comercio maquinas agricolas,Serasa,B2B & Indústria,,conceito de audiência,vertical,Agronegócio,Máquinas e equipamentos,,Transversal/indefinido,,,alta,mapear
592,Supermercados e Hipermercados,Supermercados e Hipermercados,supermercados e hipermercados,Serasa,Consumo & Varejo,,conceito de audiência,vertical,Varejo & Consumo,Supermercados e delivery,,Transversal/indefinido,,,alta,mapear
593,Farmácias e Drogarias,Farmácias e Drogarias,farmacias e drogarias,Serasa,Consumo & Varejo,,conceito de audiência,vertical,"Saúde, Bem-estar & Beleza",Outros / revisar,,Transversal/indefinido,,,média,mapear
594,Lojas Vestuário e Calçados,Lojas Vestuário e Calçados,lojas vestuario e calcados,Serasa,Consumo & Varejo,,conceito de audiência,vertical,Varejo & Consumo,"Moda, beleza e acessórios",,Transversal/indefinido,,,alta,mapear
595,Lojas Materiais Construção,Lojas Materiais Construção,lojas materiais construcao,Serasa,Consumo & Varejo,,conceito de audiência,vertical,Imobiliário & Construção,"Construção, reforma e materiais",Varejo & Consumo,Transversal/indefinido,,,média,mapear
596,Lojas Eletrodomésticos,Lojas Eletrodomésticos,lojas eletrodomesticos,Serasa,Consumo & Varejo,,conceito de audiência,vertical,Varejo & Consumo,Eletrônicos e eletrodomésticos,,Transversal/indefinido,,,alta,mapear
597,Postos de Combustíveis,Postos de Combustíveis,postos de combustiveis,Serasa,Consumo & Varejo,,conceito de audiência,vertical,"Automotivo, Mobilidade & Logística",Serviços automotivos,,Transversal/indefinido,,,alta,mapear
598,Lojas de Móveis,Lojas de Móveis,lojas de moveis,Serasa,Consumo & Varejo,,conceito de audiência,vertical,Varejo & Consumo,"Casa, móveis e decoração",,Transversal/indefinido,,,alta,mapear
599,Pet Shops,Pet Shops,pet shops,Serasa,Consumo & Varejo,,conceito de audiência,vertical,Varejo & Consumo,Pets,,Transversal/indefinido,,,alta,mapear
601,Padarias e Confeitarias,Padarias e Confeitarias,padarias e confeitarias,Serasa,Consumo & Varejo,,conceito de audiência,vertical,Varejo & Consumo,"Alimentos, bebidas e gastronomia",,Transversal/indefinido,,,alta,mapear
602,Joalherias e Óticas,Joalherias e Óticas,joalherias e oticas,Serasa,Consumo & Varejo,,conceito de audiência,vertical,Varejo & Consumo,"Moda, beleza e acessórios",,Transversal/indefinido,,,alta,mapear
603,Lojas de Autopeças,Lojas de Autopeças,lojas de autopecas,Serasa,Consumo & Varejo,,conceito de audiência,vertical,Varejo & Consumo,Outros / revisar,,Transversal/indefinido,,,média,mapear
604,Escritórios de Contabilidade,Escritórios de Contabilidade,escritorios de contabilidade,Serasa,B2B & Indústria,,conceito de audiência,vertical,Serviços ao Consumidor,Jurídico e contabilidade,,Transversal/indefinido,demográfico/socioeconômico,,alta,mapear
605,Escritórios de Advocacia,Escritórios de Advocacia,escritorios de advocacia,Serasa,B2B & Indústria,,conceito de audiência,vertical,Serviços ao Consumidor,Jurídico e contabilidade,,Transversal/indefinido,,,alta,mapear
606,Clínicas Médicas e Odontológicas,Clínicas Médicas e Odontológicas,clinicas medicas e odontologicas,Serasa,B2B & Indústria,,conceito de audiência,vertical,"Saúde, Bem-estar & Beleza",Profissionais e empresas de saúde,,Transversal/indefinido,,,alta,mapear
607,Salões de Beleza e Estética,Salões de Beleza e Estética,saloes de beleza e estetica,Serasa,B2B & Indústria,,conceito de audiência,vertical,"Saúde, Bem-estar & Beleza",Beleza e cosméticos,,Transversal/indefinido,,,alta,mapear
609,Academias e Centros Fitness,Academias e Centros Fitness,academias e centros fitness,Serasa,B2B & Indústria,,conceito de audiência,vertical,"Saúde, Bem-estar & Beleza",Fitness e esporte praticado,,Transversal/indefinido,,,alta,mapear
610,Cursos Profissionalizantes,Cursos Profissionalizantes,cursos profissionalizantes,Serasa,B2B & Indústria,,conceito de audiência,vertical,Educação & Carreira,Cursos e formação profissional,"B2B, Enterprise & Indústria",B2B,cargo/função profissional,,média,mapear
611,Mulheres Prime Video,Mulheres Prime Video,mulheres prime video,Prime Video,Consumo & Varejo,,perfil transversal,transversal,,,,B2C,demográfico/socioeconômico,Conhecimento,alta,mapear
612,Homens Prime Video,Homens Prime Video,homens prime video,Prime Video,Consumo & Varejo,,perfil transversal,transversal,,,,Transversal/indefinido,,Conhecimento,alta,mapear
613,Jovens 18-24 anos,Jovens 18-24 anos,jovens 18-24 anos,Prime Video,Consumo & Varejo,,contexto/afinidade de conteúdo,transversal,,,,Transversal/indefinido,demográfico/socioeconômico,,média,mapear
614,Adultos 25-34 anos,Adultos 25-34 anos,adultos 25-34 anos,Prime Video,Consumo & Varejo,,contexto/afinidade de conteúdo,transversal,,,,B2C,demográfico/socioeconômico,,média,mapear
615,Adultos 35-44 anos,Adultos 35-44 anos,adultos 35-44 anos,Prime Video,Consumo & Varejo,,contexto/afinidade de conteúdo,transversal,,,,B2C,demográfico/socioeconômico,,média,mapear
616,Maduros 45-54 anos,Maduros 45-54 anos,maduros 45-54 anos,Prime Video,Consumo & Varejo,,contexto/afinidade de conteúdo,transversal,,,,Transversal/indefinido,demográfico/socioeconômico,,média,mapear
617,Seniores 55+,Seniores 55+,seniores 55+,Prime Video,Consumo & Varejo,,perfil transversal,transversal,,,,Transversal/indefinido,,Conhecimento,alta,mapear
618,Alta Renda (A/B),Alta Renda (A/B),alta renda (a/b),Prime Video,Consumo & Varejo,,perfil transversal,transversal,,,,Transversal/indefinido,demográfico/socioeconômico,Conhecimento,alta,mapear
619,Familias com Filhos,Familias com Filhos,familias com filhos,Prime Video,Consumo & Varejo,,perfil transversal,transversal,,,,B2C,demográfico/socioeconômico,Conhecimento,média,avaliar consolidação conceitual
620,Jovens Adultos 18-34,Jovens Adultos 18-34,jovens adultos 18-34,Prime Video,Consumo & Varejo,,contexto/afinidade de conteúdo,transversal,,,,B2C,,,média,mapear
621,Adultos 35+ (Decisores),Adultos 35+ (Decisores),adultos 35+ (decisores),Prime Video,Consumo & Varejo,,contexto/afinidade de conteúdo,vertical,"B2B, Enterprise & Indústria",Liderança e decisores,,Híbrido,cargo/função profissional,,alta,mapear
622,Core Audience (25-44),Core Audience (25-44),core audience (25-44),Prime Video,Consumo & Varejo,,contexto/afinidade de conteúdo,transversal,,,,Transversal/indefinido,,,média,mapear
623,Fas de Acao e Aventura,Fas de Acao e Aventura,fas de acao e aventura,Prime Video,Entretenimento & Mídia,,contexto/afinidade de conteúdo,vertical,"Entretenimento, Conteúdo & Esportes","Cinema, séries e gêneros",,B2C,interesse/afinidade,Conhecimento | Consideração,alta,mapear
624,Fas de Comedia,Fas de Comedia,fas de comedia,Prime Video,Entretenimento & Mídia,,contexto/afinidade de conteúdo,vertical,"Entretenimento, Conteúdo & Esportes","Cinema, séries e gêneros",,B2C,interesse/afinidade,Conhecimento | Consideração,alta,mapear
625,Fas de Drama,Fas de Drama,fas de drama,Prime Video,Entretenimento & Mídia,,contexto/afinidade de conteúdo,vertical,"Entretenimento, Conteúdo & Esportes","Cinema, séries e gêneros",,B2C,interesse/afinidade,Conhecimento | Consideração,alta,mapear
626,Fas de Sci-Fi e Fantasia,Fas de Sci-Fi e Fantasia,fas de sci-fi e fantasia,Prime Video,Entretenimento & Mídia,,contexto/afinidade de conteúdo,transversal,,,,B2C,interesse/afinidade,Conhecimento | Consideração,média,mapear
627,Fas de Suspense e Thriller,Fas de Suspense e Thriller,fas de suspense e thriller,Prime Video,Entretenimento & Mídia,,contexto/afinidade de conteúdo,vertical,"Entretenimento, Conteúdo & Esportes","Cinema, séries e gêneros",,B2C,interesse/afinidade,Conhecimento | Consideração,alta,mapear
628,Fas de Romance,Fas de Romance,fas de romance,Prime Video,Entretenimento & Mídia,,contexto/afinidade de conteúdo,vertical,"Entretenimento, Conteúdo & Esportes","Cinema, séries e gêneros",,B2C,interesse/afinidade,Conhecimento | Consideração,alta,mapear
629,Fãs de Terror e Horror,Fãs de Terror e Horror,fas de terror e horror,Prime Video,Entretenimento & Mídia,,contexto/afinidade de conteúdo,vertical,"Entretenimento, Conteúdo & Esportes","Cinema, séries e gêneros",,B2C,interesse/afinidade,Conhecimento | Consideração,alta,mapear
630,Fas de Documentarios,Fas de Documentarios,fas de documentarios,Prime Video,Entretenimento & Mídia,,contexto/afinidade de conteúdo,transversal,,,,B2C,interesse/afinidade,Conhecimento | Consideração,média,mapear
631,Hotéis e Pousadas,Hotéis e Pousadas,hoteis e pousadas,Serasa,B2B & Indústria,,conceito de audiência,vertical,Serviços ao Consumidor,Turismo e hospitalidade,,Transversal/indefinido,,,alta,mapear
632,Fas de Reality Shows,Fas de Reality Shows,fas de reality shows,Prime Video,Entretenimento & Mídia,,contexto/afinidade de conteúdo,vertical,"Entretenimento, Conteúdo & Esportes",Música e shows,,B2C,interesse/afinidade,Conhecimento | Consideração,alta,mapear
633,Fas de Animacao,Fas de Animacao,fas de animacao,Prime Video,Entretenimento & Mídia,,contexto/afinidade de conteúdo,vertical,"Entretenimento, Conteúdo & Esportes","Cinema, séries e gêneros",,B2C,interesse/afinidade,Conhecimento | Consideração,alta,mapear
634,Conteudo Infantil/Familia,Conteudo Infantil/Familia,conteudo infantil/familia,Prime Video,Entretenimento & Mídia,,contexto/afinidade de conteúdo,vertical,"Entretenimento, Conteúdo & Esportes",Conteúdo infantil e familiar,,B2C,demográfico/socioeconômico | consumo de conteúdo,Conhecimento | Consideração,alta,mapear
635,Conteudo Brasileiro,Conteudo Brasileiro,conteudo brasileiro,Prime Video,Entretenimento & Mídia,,contexto/afinidade de conteúdo,transversal,,,,Transversal/indefinido,consumo de conteúdo,Conhecimento | Consideração,média,mapear
636,Conteudo Natalino (Sazonal),Conteudo Natalino (Sazonal),conteudo natalino (sazonal),Prime Video,Entretenimento & Mídia,,contexto/afinidade de conteúdo,transversal,,,,Transversal/indefinido,consumo de conteúdo,Conhecimento | Consideração,média,mapear
637,Conteudo Halloween (Sazonal),Conteudo Halloween (Sazonal),conteudo halloween (sazonal),Prime Video,Entretenimento & Mídia,,contexto/afinidade de conteúdo,transversal,,,,Transversal/indefinido,consumo de conteúdo,Conhecimento | Consideração,média,mapear
638,Fas de Futebol - Copa do Brasil,Fas de Futebol - Copa do Brasil,fas de futebol - copa do brasil,Prime Video,Entretenimento & Mídia,,contexto/afinidade de conteúdo,vertical,"Entretenimento, Conteúdo & Esportes",Esportes e futebol,,B2C,interesse/afinidade,Conhecimento | Consideração,alta,mapear
639,Fas de Futebol - Brasileirao,Fas de Futebol - Brasileirao,fas de futebol - brasileirao,Prime Video,Entretenimento & Mídia,,contexto/afinidade de conteúdo,vertical,"Entretenimento, Conteúdo & Esportes",Esportes e futebol,,B2C,interesse/afinidade,Conhecimento | Consideração,alta,mapear
640,Fas NBA / Basketball,Fas NBA / Basketball,fas nba / basketball,Prime Video,Entretenimento & Mídia,,contexto/afinidade de conteúdo,transversal,,,,Transversal/indefinido,,,média,mapear
641,Espectadores Esportes - Geral,Espectadores Esportes - Geral,espectadores esportes - geral,Prime Video,Entretenimento & Mídia,,contexto/afinidade de conteúdo,vertical,"Entretenimento, Conteúdo & Esportes",Esportes e futebol,,B2C,consumo de conteúdo,Conhecimento | Consideração,alta,mapear
642,Torcedores Times Grandes SP,Torcedores Times Grandes SP,torcedores times grandes sp,Prime Video,Entretenimento & Mídia,,contexto/afinidade de conteúdo,transversal,,,,Transversal/indefinido,,,média,mapear
643,Torcedores Times Grandes RJ,Torcedores Times Grandes RJ,torcedores times grandes rj,Prime Video,Entretenimento & Mídia,,contexto/afinidade de conteúdo,transversal,,,,Transversal/indefinido,,,média,mapear
644,Heavy Sports Viewers,Heavy Sports Viewers,heavy sports viewers,Prime Video,Entretenimento & Mídia,,contexto/afinidade de conteúdo,transversal,,,,Transversal/indefinido,consumo de conteúdo,Conhecimento | Consideração,média,mapear
645,Remarketing Copa do Brasil,Remarketing Copa do Brasil,remarketing copa do brasil,Prime Video,Entretenimento & Mídia,,tática de ativação,transversal,,,"Entretenimento, Conteúdo & Esportes",Transversal/indefinido,retargeting,Reengajamento,alta,mapear
646,MMA e Lutas,MMA e Lutas,mma e lutas,Prime Video,Entretenimento & Mídia,,contexto/afinidade de conteúdo,transversal,,,,Transversal/indefinido,,,média,mapear
647,Futebol Feminino,Futebol Feminino,futebol feminino,Prime Video,Entretenimento & Mídia,,contexto/afinidade de conteúdo,vertical,"Entretenimento, Conteúdo & Esportes",Esportes e futebol,,Transversal/indefinido,,,alta,mapear
648,Comedia Romantica,Comedia Romantica,comedia romantica,Prime Video,Entretenimento & Mídia,,contexto/afinidade de conteúdo,vertical,"Entretenimento, Conteúdo & Esportes","Cinema, séries e gêneros",,Transversal/indefinido,,,alta,mapear
649,Drama Psicologico,Drama Psicologico,drama psicologico,Prime Video,Entretenimento & Mídia,,contexto/afinidade de conteúdo,vertical,"Entretenimento, Conteúdo & Esportes","Cinema, séries e gêneros",,Transversal/indefinido,,,alta,mapear
650,True Crime,True Crime,true crime,Prime Video,Entretenimento & Mídia,,contexto/afinidade de conteúdo,transversal,,,,Transversal/indefinido,,,média,mapear
651,Anime,Anime,anime,Prime Video,Entretenimento & Mídia,,contexto/afinidade de conteúdo,transversal,,,,Transversal/indefinido,,,média,mapear
652,Biografias e Biopics,Biografias e Biopics,biografias e biopics,Prime Video,Entretenimento & Mídia,,contexto/afinidade de conteúdo,transversal,,,,Transversal/indefinido,,,média,mapear
653,Guerra e Historico,Guerra e Historico,guerra e historico,Prime Video,Entretenimento & Mídia,,contexto/afinidade de conteúdo,transversal,,,,Transversal/indefinido,,,média,mapear
654,Musical,Musical,musical,Prime Video,Entretenimento & Mídia,,contexto/afinidade de conteúdo,vertical,"Entretenimento, Conteúdo & Esportes",Música e shows,,Transversal/indefinido,,,alta,mapear
655,Stand-up Comedy,Stand-up Comedy,stand-up comedy,Prime Video,Entretenimento & Mídia,,contexto/afinidade de conteúdo,transversal,,,,Transversal/indefinido,,,média,mapear
656,Western / Faroeste,Western / Faroeste,western / faroeste,Prime Video,Entretenimento & Mídia,,contexto/afinidade de conteúdo,transversal,,,,Transversal/indefinido,,,média,mapear
657,Ficcao Cientifica Hard,Ficcao Cientifica Hard,ficcao cientifica hard,Prime Video,Entretenimento & Mídia,,contexto/afinidade de conteúdo,transversal,,,,Transversal/indefinido,,,média,mapear
658,Fantasia Epica,Fantasia Epica,fantasia epica,Prime Video,Entretenimento & Mídia,,contexto/afinidade de conteúdo,transversal,,,,Transversal/indefinido,,,média,mapear
659,Thriller Policial,Thriller Policial,thriller policial,Prime Video,Entretenimento & Mídia,,contexto/afinidade de conteúdo,transversal,,,,Transversal/indefinido,,,média,mapear
660,Tech Enthusiasts,Tech Enthusiasts,tech enthusiasts,Prime Video,Entretenimento & Mídia,,contexto/afinidade de conteúdo,transversal,,,,Transversal/indefinido,,,média,mapear
661,Fitness e Health Conscious,Fitness e Health Conscious,fitness e health conscious,Prime Video,Entretenimento & Mídia,,contexto/afinidade de conteúdo,vertical,"Saúde, Bem-estar & Beleza",Fitness e esporte praticado,,Transversal/indefinido,,,alta,mapear
662,Foodies e Gourmets,Foodies e Gourmets,foodies e gourmets,Prime Video,Entretenimento & Mídia,,contexto/afinidade de conteúdo,vertical,Varejo & Consumo,"Alimentos, bebidas e gastronomia",,Transversal/indefinido,,,alta,mapear
663,Gamers,Gamers,gamers,Prime Video,Entretenimento & Mídia,,contexto/afinidade de conteúdo,vertical,"Entretenimento, Conteúdo & Esportes",Games,,Transversal/indefinido,,,alta,mapear
664,Fashionistas,Fashionistas,fashionistas,Prime Video,Entretenimento & Mídia,,contexto/afinidade de conteúdo,transversal,,,,Transversal/indefinido,,,média,mapear
665,Parents e Family Focused,Parents e Family Focused,parents e family focused,Prime Video,Entretenimento & Mídia,,contexto/afinidade de conteúdo,transversal,,,,Transversal/indefinido,,,média,mapear
666,Business Professionals,Business Professionals,business professionals,Prime Video,Entretenimento & Mídia,,contexto/afinidade de conteúdo,transversal,,,,Transversal/indefinido,,,média,mapear
667,Eco-Conscious / Sustentaveis,Eco-Conscious / Sustentaveis,eco-conscious / sustentaveis,Prime Video,Entretenimento & Mídia,,contexto/afinidade de conteúdo,transversal,,,,Transversal/indefinido,,,média,mapear
668,Viajantes Frequentes,Viajantes Frequentes,viajantes frequentes,Prime Video,Entretenimento & Mídia,,contexto/afinidade de conteúdo,transversal,,,,Transversal/indefinido,,,média,mapear
669,Amantes de Musica,Amantes de Musica,amantes de musica,Prime Video,Entretenimento & Mídia,,contexto/afinidade de conteúdo,vertical,"Entretenimento, Conteúdo & Esportes",Música e shows,,Transversal/indefinido,interesse/afinidade,Conhecimento | Consideração,alta,mapear
670,Investidores,Investidores,investidores,Prime Video,Entretenimento & Mídia,,contexto/afinidade de conteúdo,vertical,Finanças & Seguros,Investimentos e patrimônio,,Transversal/indefinido,,,alta,mapear
671,Empreendedores,Empreendedores,empreendedores,Prime Video,Entretenimento & Mídia,,contexto/afinidade de conteúdo,vertical,"B2B, Enterprise & Indústria",PMEs e empreendedores,,B2B,,,média,avaliar consolidação conceitual
672,Compradores Amazon Recorrentes,Compradores Amazon Recorrentes,compradores amazon recorrentes,Prime Video,Consumo & Varejo,,contexto/afinidade de conteúdo,vertical,Varejo & Consumo,Compradores e e-commerce,,B2C,compra/consumo observado,Consideração | Conversão,alta,mapear
673,Compradores Amazon Prime,Compradores Amazon Prime,compradores amazon prime,Prime Video,Consumo & Varejo,,contexto/afinidade de conteúdo,vertical,Varejo & Consumo,Compradores e e-commerce,,B2C,compra/consumo observado,Consideração | Conversão,alta,mapear
674,Compradores Alto Ticket,Compradores Alto Ticket,compradores alto ticket,Prime Video,Consumo & Varejo,,contexto/afinidade de conteúdo,vertical,Varejo & Consumo,Compradores e e-commerce,,B2C,compra/consumo observado,Consideração | Conversão,alta,mapear
675,Navegadores Amazon (Nao Compraram),Navegadores Amazon (Nao Compraram),navegadores amazon (nao compraram),Prime Video,Consumo & Varejo,,contexto/afinidade de conteúdo,transversal,,,,Transversal/indefinido,,,média,mapear
676,Compradores Categorias Especificas,Compradores Categorias Especificas,compradores categorias especificas,Prime Video,Consumo & Varejo,,contexto/afinidade de conteúdo,vertical,Varejo & Consumo,Compradores e e-commerce,,B2C,compra/consumo observado,Consideração | Conversão,alta,mapear
677,Oficinas Mecânicas,Oficinas Mecânicas,oficinas mecanicas,Serasa,B2B & Indústria,,conceito de audiência,vertical,"Automotivo, Mobilidade & Logística",Outros / revisar,,Transversal/indefinido,,,média,mapear
683,Lookalike Compradores Top,Lookalike Compradores Top,lookalike compradores top,Prime Video,Consumo & Varejo,,tática de ativação,transversal,,,Varejo & Consumo,B2C,compra/consumo observado | modelado/lookalike,Consideração | Conversão,alta,mapear
684,Prime Day Buyers,Prime Day Buyers,prime day buyers,Prime Video,Consumo & Varejo,,contexto/afinidade de conteúdo,transversal,,,,Transversal/indefinido,,,média,mapear
685,Black Friday Buyers,Black Friday Buyers,black friday buyers,Prime Video,Consumo & Varejo,,contexto/afinidade de conteúdo,vertical,Varejo & Consumo,Ofertas e sazonalidades,,Transversal/indefinido,,,alta,mapear
686,Compradores Kindle,Compradores Kindle,compradores kindle,Prime Video,Consumo & Varejo,,contexto/afinidade de conteúdo,vertical,Varejo & Consumo,Compradores e e-commerce,,B2C,compra/consumo observado,Consideração | Conversão,alta,mapear
687,Compradores Alexa / Echo,Compradores Alexa / Echo,compradores alexa / echo,Prime Video,Consumo & Varejo,,contexto/afinidade de conteúdo,vertical,Varejo & Consumo,Compradores e e-commerce,,B2C,compra/consumo observado,Consideração | Conversão,alta,mapear
688,Espectadores Natal,Espectadores Natal,espectadores natal,Prime Video,Consumo & Varejo,,contexto/afinidade de conteúdo,transversal,,,,B2C,consumo de conteúdo,Conhecimento | Consideração,média,mapear
689,Espectadores Carnaval,Espectadores Carnaval,espectadores carnaval,Prime Video,Consumo & Varejo,,contexto/afinidade de conteúdo,transversal,,,,B2C,consumo de conteúdo,Conhecimento | Consideração,média,mapear
690,Black Friday Viewers,Black Friday Viewers,black friday viewers,Prime Video,Consumo & Varejo,,contexto/afinidade de conteúdo,vertical,Varejo & Consumo,Ofertas e sazonalidades,,Transversal/indefinido,consumo de conteúdo,Conhecimento | Consideração,alta,mapear
691,Halloween Viewers,Halloween Viewers,halloween viewers,Prime Video,Consumo & Varejo,,contexto/afinidade de conteúdo,transversal,,,,Transversal/indefinido,consumo de conteúdo,Conhecimento | Consideração,média,mapear
692,Dia das Maes,Dia das Maes,dia das maes,Prime Video,Consumo & Varejo,,contexto/afinidade de conteúdo,transversal,,,,Transversal/indefinido,,,média,mapear
693,Dia dos Namorados,Dia dos Namorados,dia dos namorados,Prime Video,Consumo & Varejo,,contexto/afinidade de conteúdo,transversal,,,,Transversal/indefinido,,,média,mapear
694,Volta as Aulas,Volta as Aulas,volta as aulas,Prime Video,Consumo & Varejo,,contexto/afinidade de conteúdo,transversal,,,,Transversal/indefinido,,,média,mapear
695,Ferias Julho,Ferias Julho,ferias julho,Prime Video,Consumo & Varejo,,contexto/afinidade de conteúdo,vertical,Serviços ao Consumidor,Turismo e hospitalidade,,Transversal/indefinido,,,alta,mapear
696,Prime Day,Prime Day,prime day,Prime Video,Consumo & Varejo,,contexto/afinidade de conteúdo,transversal,,,,Transversal/indefinido,,,média,mapear
697,Copa do Mundo,Copa do Mundo,copa do mundo,Prime Video,Consumo & Varejo,,contexto/afinidade de conteúdo,vertical,"Entretenimento, Conteúdo & Esportes",Esportes e futebol,,Transversal/indefinido,,,alta,mapear
698,Pop,Pop,pop,Spotify Ads,Entretenimento & Mídia,,contexto/afinidade de conteúdo,transversal,,,,Transversal/indefinido,,,média,mapear
699,Rock,Rock,rock,Spotify Ads,Entretenimento & Mídia,,contexto/afinidade de conteúdo,transversal,,,,Transversal/indefinido,,,média,mapear
700,Hip Hop / Rap,Hip Hop / Rap,hip hop / rap,Spotify Ads,Entretenimento & Mídia,,contexto/afinidade de conteúdo,transversal,,,,Transversal/indefinido,,,média,mapear
701,Funk (BR),Funk (BR),funk (br),Spotify Ads,Entretenimento & Mídia,,contexto/afinidade de conteúdo,transversal,,,,Transversal/indefinido,,,média,mapear
702,Eletronica / Dance / House,Eletronica / Dance / House,eletronica / dance / house,Spotify Ads,Entretenimento & Mídia,,contexto/afinidade de conteúdo,vertical,Varejo & Consumo,Eletrônicos e eletrodomésticos,,Transversal/indefinido,,,alta,mapear
703,R&B,R&B,r&b,Spotify Ads,Entretenimento & Mídia,,contexto/afinidade de conteúdo,transversal,,,,Transversal/indefinido,,,média,mapear
704,Indie Rock,Indie Rock,indie rock,Spotify Ads,Entretenimento & Mídia,,contexto/afinidade de conteúdo,transversal,,,,Transversal/indefinido,,,média,mapear
705,Musica Latina,Musica Latina,musica latina,Spotify Ads,Entretenimento & Mídia,,contexto/afinidade de conteúdo,vertical,"Entretenimento, Conteúdo & Esportes",Música e shows,,Transversal/indefinido,,,alta,mapear
706,Gospel,Gospel,gospel,Spotify Ads,Entretenimento & Mídia,,contexto/afinidade de conteúdo,transversal,,,,Transversal/indefinido,,,média,mapear
707,Jazz,Jazz,jazz,Spotify Ads,Entretenimento & Mídia,,contexto/afinidade de conteúdo,transversal,,,,Transversal/indefinido,,,média,mapear
708,Classica,Classica,classica,Spotify Ads,Entretenimento & Mídia,,contexto/afinidade de conteúdo,transversal,,,,Transversal/indefinido,,,média,mapear
709,Metal,Metal,metal,Spotify Ads,Entretenimento & Mídia,,contexto/afinidade de conteúdo,transversal,,,,Transversal/indefinido,,,média,mapear
710,Punk,Punk,punk,Spotify Ads,Entretenimento & Mídia,,contexto/afinidade de conteúdo,transversal,,,,Transversal/indefinido,,,média,mapear
711,Reggae,Reggae,reggae,Spotify Ads,Entretenimento & Mídia,,contexto/afinidade de conteúdo,transversal,,,,Transversal/indefinido,,,média,mapear
712,Country / Folk,Country / Folk,country / folk,Spotify Ads,Entretenimento & Mídia,,contexto/afinidade de conteúdo,transversal,,,,Transversal/indefinido,,,média,mapear
713,Blues,Blues,blues,Spotify Ads,Entretenimento & Mídia,,contexto/afinidade de conteúdo,transversal,,,,Transversal/indefinido,,,média,mapear
714,Infantil,Infantil,infantil,Spotify Ads,Entretenimento & Mídia,,contexto/afinidade de conteúdo,vertical,"Entretenimento, Conteúdo & Esportes",Conteúdo infantil e familiar,,Transversal/indefinido,,,alta,mapear
715,Trilhas Sonoras / Soundtracks,Trilhas Sonoras / Soundtracks,trilhas sonoras / soundtracks,Spotify Ads,Entretenimento & Mídia,,contexto/afinidade de conteúdo,transversal,,,,Transversal/indefinido,,,média,mapear
716,Musica Ambiente / New Age,Musica Ambiente / New Age,musica ambiente / new age,Spotify Ads,Entretenimento & Mídia,,contexto/afinidade de conteúdo,vertical,"Entretenimento, Conteúdo & Esportes",Música e shows,,Transversal/indefinido,,,alta,mapear
717,Audio Falado / Spoken Word,Audio Falado / Spoken Word,audio falado / spoken word,Spotify Ads,Entretenimento & Mídia,,contexto/afinidade de conteúdo,transversal,,,,Transversal/indefinido,,,média,mapear
718,Tradicional / MPB,Tradicional / MPB,tradicional / mpb,Spotify Ads,Entretenimento & Mídia,,contexto/afinidade de conteúdo,transversal,,,,Transversal/indefinido,,,média,mapear
719,Alternativa,Alternativa,alternativa,Spotify Ads,Entretenimento & Mídia,,contexto/afinidade de conteúdo,transversal,,,,Transversal/indefinido,,,média,mapear
720,Sertanejo,Sertanejo,sertanejo,Spotify Ads,Entretenimento & Mídia,,contexto/afinidade de conteúdo,transversal,,,,Transversal/indefinido,,,média,mapear
721,Pagode / Samba,Pagode / Samba,pagode / samba,Spotify Ads,Entretenimento & Mídia,,contexto/afinidade de conteúdo,transversal,,,,Transversal/indefinido,,,média,mapear
722,Mulheres (Geral),Mulheres (Geral),mulheres (geral),Spotify Ads,Entretenimento & Mídia,,contexto/afinidade de conteúdo,transversal,,,,B2C,demográfico/socioeconômico,,média,avaliar consolidação conceitual
723,Homens (Geral),Homens (Geral),homens (geral),Spotify Ads,Entretenimento & Mídia,,contexto/afinidade de conteúdo,transversal,,,,Transversal/indefinido,,,média,avaliar consolidação conceitual
724,Relax / Chill,Relax / Chill,relax / chill,Spotify Ads,Consumo & Varejo,,contexto/afinidade de conteúdo,transversal,,,,Transversal/indefinido,,,média,mapear
725,Deslocamento / Commute,Deslocamento / Commute,deslocamento / commute,Spotify Ads,Consumo & Varejo,,contexto/afinidade de conteúdo,transversal,,,,Transversal/indefinido,,,média,mapear
726,Culinaria / Cooking,Culinaria / Cooking,culinaria / cooking,Spotify Ads,Consumo & Varejo,,contexto/afinidade de conteúdo,transversal,,,,Transversal/indefinido,,,média,mapear
727,Foco / Estudo,Foco / Estudo,foco / estudo,Spotify Ads,Consumo & Varejo,,contexto/afinidade de conteúdo,vertical,Educação & Carreira,Outros / revisar,,Transversal/indefinido,,,média,mapear
728,Noite com as Amigas / Girls Night,Noite com as Amigas / Girls Night,noite com as amigas / girls night,Spotify Ads,Consumo & Varejo,,contexto/afinidade de conteúdo,transversal,,,,Transversal/indefinido,,,média,mapear
729,Boas Festas / Holiday,Boas Festas / Holiday,boas festas / holiday,Spotify Ads,Consumo & Varejo,,contexto/afinidade de conteúdo,transversal,,,,Transversal/indefinido,,,média,mapear
730,Criancas / Kids,Criancas / Kids,criancas / kids,Spotify Ads,Consumo & Varejo,,contexto/afinidade de conteúdo,transversal,,,,Transversal/indefinido,,,média,mapear
731,Festa / Party,Festa / Party,festa / party,Spotify Ads,Consumo & Varejo,,contexto/afinidade de conteúdo,transversal,,,,Transversal/indefinido,,,média,mapear
732,Viagem de Carro / Road Trip,Viagem de Carro / Road Trip,viagem de carro / road trip,Spotify Ads,Consumo & Varejo,,contexto/afinidade de conteúdo,vertical,"Automotivo, Mobilidade & Logística",Outros / revisar,Serviços ao Consumidor,Transversal/indefinido,,,média,mapear
733,Romantico / Romance,Romantico / Romance,romantico / romance,Spotify Ads,Consumo & Varejo,,contexto/afinidade de conteúdo,vertical,"Entretenimento, Conteúdo & Esportes","Cinema, séries e gêneros",,Transversal/indefinido,,,alta,mapear
734,Acao,Acao,acao,Netflix,Entretenimento & Mídia,,contexto/afinidade de conteúdo,vertical,"Entretenimento, Conteúdo & Esportes","Cinema, séries e gêneros",,Transversal/indefinido,,,alta,mapear
995,Comedia,Comedia,comedia,Netflix,Entretenimento & Mídia,,contexto/afinidade de conteúdo,vertical,"Entretenimento, Conteúdo & Esportes","Cinema, séries e gêneros",,Transversal/indefinido,,,alta,mapear
996,Drama,Drama,drama,Netflix,Entretenimento & Mídia,,contexto/afinidade de conteúdo,vertical,"Entretenimento, Conteúdo & Esportes","Cinema, séries e gêneros",,Transversal/indefinido,,,alta,mapear
997,Politica,Politica,politica,G1 / Globo.com,Entretenimento & Mídia,,contexto/afinidade de conteúdo,vertical,"Entretenimento, Conteúdo & Esportes",Notícias e atualidades,,Transversal/indefinido,,,média,avaliar consolidação conceitual
998,Economia,Economia,economia,G1 / Globo.com,Entretenimento & Mídia,,contexto/afinidade de conteúdo,transversal,,,,Transversal/indefinido,,,média,avaliar consolidação conceitual
999,Saude,Saude,saude,G1 / Globo.com,Entretenimento & Mídia,,contexto/afinidade de conteúdo,vertical,"Saúde, Bem-estar & Beleza",Saúde e prevenção,,Transversal/indefinido,,,média,avaliar consolidação conceitual
1000,Tecnologia,Tecnologia,tecnologia,G1 / Globo.com,Entretenimento & Mídia,,contexto/afinidade de conteúdo,vertical,"B2B, Enterprise & Indústria",Tecnologia B2B,,Transversal/indefinido,,,média,avaliar consolidação conceitual
1001,Ciencia,Ciencia,ciencia,G1 / Globo.com,Entretenimento & Mídia,,contexto/afinidade de conteúdo,transversal,,,,Transversal/indefinido,,,média,mapear
1002,Educacao,Educacao,educacao,G1 / Globo.com,Entretenimento & Mídia,,contexto/afinidade de conteúdo,vertical,Educação & Carreira,Outros / revisar,"Entretenimento, Conteúdo & Esportes",Transversal/indefinido,,,média,avaliar consolidação conceitual
1003,Mundo Internacional,Mundo Internacional,mundo internacional,G1 / Globo.com,Entretenimento & Mídia,,contexto/afinidade de conteúdo,transversal,,,,Transversal/indefinido,,,média,mapear
1004,Pop e Arte,Pop e Arte,pop e arte,G1 / Globo.com,Entretenimento & Mídia,,contexto/afinidade de conteúdo,transversal,,,,Transversal/indefinido,,,média,mapear
1005,Natureza,Natureza,natureza,G1 / Globo.com,Entretenimento & Mídia,,contexto/afinidade de conteúdo,transversal,,,,Transversal/indefinido,,,média,mapear
1006,Regional UF,Regional UF,regional uf,G1 / Globo.com,Entretenimento & Mídia,,contexto/afinidade de conteúdo,transversal,,,,Transversal/indefinido,,,média,mapear
1007,Globo Rural,Globo Rural,globo rural,G1 / Globo.com,Entretenimento & Mídia,,contexto/afinidade de conteúdo,transversal,,,,Transversal/indefinido,,,média,mapear
1008,Auto Esporte,Auto Esporte,auto esporte,G1 / Globo.com,Entretenimento & Mídia,,contexto/afinidade de conteúdo,vertical,"Entretenimento, Conteúdo & Esportes",Esportes e futebol,,Transversal/indefinido,,,alta,mapear
1009,Hard news,Hard news,hard news,G1 / Globo.com,Entretenimento & Mídia,,contexto/afinidade de conteúdo,transversal,,,,Transversal/indefinido,,,média,mapear
1010,Noticias positivas,Noticias positivas,noticias positivas,G1 / Globo.com,Entretenimento & Mídia,,contexto/afinidade de conteúdo,vertical,"Entretenimento, Conteúdo & Esportes",Notícias e atualidades,,Transversal/indefinido,contextual/editorial,Conhecimento | Consideração,alta,mapear
1011,Local vs nacional,Local vs nacional,local vs nacional,G1 / Globo.com,Entretenimento & Mídia,,contexto/afinidade de conteúdo,transversal,,,,Transversal/indefinido,,,média,mapear
1012,Keywords contextuais,Keywords contextuais,keywords contextuais,G1 / Globo.com,Entretenimento & Mídia,,tática de ativação,transversal,,,,Transversal/indefinido,contextual/editorial,Conhecimento | Consideração,média,avaliar consolidação conceitual
1013,Brand safety categoria,Brand safety categoria,brand safety categoria,G1 / Globo.com,Entretenimento & Mídia,,tática de ativação,transversal,,,,Transversal/indefinido,contextual/editorial,Conhecimento | Consideração,alta,mapear
1014,Globo ID logados,Globo ID logados,globo id logados,G1 / Globo.com,Entretenimento & Mídia,,contexto/afinidade de conteúdo,transversal,,,,Transversal/indefinido,,,média,mapear
1015,AMP pages,AMP pages,amp pages,G1 / Globo.com,Entretenimento & Mídia,,formato/inventário,transversal,,,,Transversal/indefinido,,Conhecimento,alta,mapear
1016,Breaking news picos,Breaking news picos,breaking news picos,G1 / Globo.com,Entretenimento & Mídia,,formato/inventário,transversal,,,,Transversal/indefinido,,Conhecimento,alta,mapear
1017,Eleicoes e eventos,Eleicoes e eventos,eleicoes e eventos,G1 / Globo.com,Entretenimento & Mídia,,contexto/afinidade de conteúdo,transversal,,,,Transversal/indefinido,,,média,mapear
1018,Copa Olimpiadas,Copa Olimpiadas,copa olimpiadas,G1 / Globo.com,Entretenimento & Mídia,,contexto/afinidade de conteúdo,vertical,"Entretenimento, Conteúdo & Esportes",Esportes e futebol,,Transversal/indefinido,,,alta,mapear
1019,Mulheres geral,Mulheres geral,mulheres geral,G1 / Globo.com,Entretenimento & Mídia,,perfil transversal,transversal,,,,B2C,demográfico/socioeconômico,Conhecimento,média,avaliar consolidação conceitual
1020,Homens geral,Homens geral,homens geral,G1 / Globo.com,Entretenimento & Mídia,,perfil transversal,transversal,,,,Transversal/indefinido,,Conhecimento,média,avaliar consolidação conceitual
1021,18-24,18-24,18-24,G1 / Globo.com,Entretenimento & Mídia,,perfil transversal,transversal,,,,Transversal/indefinido,,Conhecimento,média,avaliar consolidação conceitual
1022,25-34,25-34,25-34,G1 / Globo.com,Entretenimento & Mídia,,perfil transversal,transversal,,,,Transversal/indefinido,,Conhecimento,média,avaliar consolidação conceitual
1023,35-44,35-44,35-44,G1 / Globo.com,Entretenimento & Mídia,,perfil transversal,transversal,,,,Transversal/indefinido,,Conhecimento,média,avaliar consolidação conceitual
1024,45+,45+,45+,G1 / Globo.com,Entretenimento & Mídia,,perfil transversal,transversal,,,,Transversal/indefinido,,Conhecimento,média,avaliar consolidação conceitual
1025,Mulheres 18-34,Mulheres 18-34,mulheres 18-34,G1 / Globo.com,Entretenimento & Mídia,,contexto/afinidade de conteúdo,transversal,,,,B2C,demográfico/socioeconômico,,média,mapear
1026,Homens 18-34,Homens 18-34,homens 18-34,G1 / Globo.com,Entretenimento & Mídia,,contexto/afinidade de conteúdo,transversal,,,,Transversal/indefinido,,,média,mapear
1027,Gen Z,Gen Z,gen z,G1 / Globo.com,Entretenimento & Mídia,,perfil transversal,transversal,,,,Transversal/indefinido,demográfico/socioeconômico,Conhecimento,alta,mapear
1028,Millennials,Millennials,millennials,G1 / Globo.com,Entretenimento & Mídia,,perfil transversal,transversal,,,,Transversal/indefinido,,Conhecimento,alta,mapear
1029,Gen X,Gen X,gen x,G1 / Globo.com,Entretenimento & Mídia,,contexto/afinidade de conteúdo,transversal,,,,Transversal/indefinido,,,média,mapear
1030,Classe AB,Classe AB,classe ab,G1 / Globo.com,Entretenimento & Mídia,,perfil transversal,transversal,,,,Transversal/indefinido,demográfico/socioeconômico,Conhecimento,média,avaliar consolidação conceitual
1031,Classe C DE,Classe C DE,classe c de,G1 / Globo.com,Entretenimento & Mídia,,perfil transversal,transversal,,,,Transversal/indefinido,demográfico/socioeconômico,Conhecimento,alta,mapear
1032,Adults 25-54,Adults 25-54,adults 25-54,G1 / Globo.com,Entretenimento & Mídia,,contexto/afinidade de conteúdo,transversal,,,,Transversal/indefinido,,,média,avaliar consolidação conceitual
1033,Perfil regional Sul,Perfil regional Sul,perfil regional sul,G1 / Globo.com,Entretenimento & Mídia,,contexto/afinidade de conteúdo,transversal,,,,Transversal/indefinido,,,média,mapear
1034,Perfil regional Nordeste,Perfil regional Nordeste,perfil regional nordeste,G1 / Globo.com,Entretenimento & Mídia,,contexto/afinidade de conteúdo,transversal,,,,Transversal/indefinido,,,média,mapear
1035,Capitais economicas,Capitais economicas,capitais economicas,G1 / Globo.com,Entretenimento & Mídia,,contexto/afinidade de conteúdo,transversal,,,,Transversal/indefinido,,,média,mapear
1036,Diarios Globo ID,Diarios Globo ID,diarios globo id,G1 / Globo.com,Entretenimento & Mídia,,contexto/afinidade de conteúdo,transversal,,,,Transversal/indefinido,,,média,mapear
1037,Heavy readers semanal,Heavy readers semanal,heavy readers semanal,G1 / Globo.com,Entretenimento & Mídia,,contexto/afinidade de conteúdo,transversal,,,,Transversal/indefinido,consumo de conteúdo,Conhecimento | Consideração,média,mapear
1038,Light readers,Light readers,light readers,G1 / Globo.com,Entretenimento & Mídia,,contexto/afinidade de conteúdo,transversal,,,,Transversal/indefinido,consumo de conteúdo,Conhecimento | Consideração,média,avaliar consolidação conceitual
1039,Alto tempo na pagina,Alto tempo na pagina,alto tempo na pagina,G1 / Globo.com,Entretenimento & Mídia,,contexto/afinidade de conteúdo,transversal,,,,Transversal/indefinido,,,média,mapear
1040,Interesse por categoria historico,Interesse por categoria historico,interesse por categoria historico,G1 / Globo.com,Entretenimento & Mídia,,contexto/afinidade de conteúdo,transversal,,,,Transversal/indefinido,interesse/afinidade,Conhecimento | Consideração,média,mapear
1041,Usuarios AMP alto volume,Usuarios AMP alto volume,usuarios amp alto volume,G1 / Globo.com,Entretenimento & Mídia,,contexto/afinidade de conteúdo,transversal,,,,Transversal/indefinido,,,média,mapear
1042,Consumidores video G1,Consumidores video G1,consumidores video g1,G1 / Globo.com,Entretenimento & Mídia,,contexto/afinidade de conteúdo,transversal,,,,B2C,compra/consumo observado,Consideração | Conversão,média,mapear
1043,Consumidores texto longo,Consumidores texto longo,consumidores texto longo,G1 / Globo.com,Entretenimento & Mídia,,contexto/afinidade de conteúdo,transversal,,,,B2C,compra/consumo observado,Consideração | Conversão,média,mapear
1044,Picos breaking news,Picos breaking news,picos breaking news,G1 / Globo.com,Entretenimento & Mídia,,formato/inventário,transversal,,,,Transversal/indefinido,,Conhecimento,alta,mapear
1045,Eleicoes engajados,Eleicoes engajados,eleicoes engajados,G1 / Globo.com,Entretenimento & Mídia,,contexto/afinidade de conteúdo,transversal,,,,Transversal/indefinido,,,média,mapear
1046,DMP Globo segmentos,DMP Globo segmentos,dmp globo segmentos,G1 / Globo.com,Entretenimento & Mídia,,contexto/afinidade de conteúdo,transversal,,,,Transversal/indefinido,,,média,mapear
1047,Retargeting visitantes,Retargeting visitantes,retargeting visitantes,G1 / Globo.com,Entretenimento & Mídia,,tática de ativação,transversal,,,,B2C,visitação/localização | retargeting,Consideração | Conversão | Reengajamento,média,avaliar consolidação conceitual
1048,CRM Match DV360 TTD,CRM Match DV360 TTD,crm match dv360 ttd,G1 / Globo.com,Entretenimento & Mídia,,tática de ativação,transversal,,,,Transversal/indefinido,dados próprios/CRM,Fidelização/base própria,média,avaliar consolidação conceitual
1049,Lookalike,Lookalike,lookalike,G1 / Globo.com,Entretenimento & Mídia,,tática de ativação,transversal,,,,Transversal/indefinido,modelado/lookalike,,média,avaliar consolidação conceitual
1050,Globo ID completo,Globo ID completo,globo id completo,G1 / Globo.com,Entretenimento & Mídia,,contexto/afinidade de conteúdo,transversal,,,,Transversal/indefinido,,,média,mapear
1051,Lookalike heavy readers,Lookalike heavy readers,lookalike heavy readers,G1 / Globo.com,Entretenimento & Mídia,,tática de ativação,transversal,,,,Transversal/indefinido,modelado/lookalike | consumo de conteúdo,Conhecimento | Consideração,média,avaliar consolidação conceitual
1052,Mobile,Mobile,mobile,G1 / Globo.com,Entretenimento & Mídia,,formato/inventário,transversal,,,,Transversal/indefinido,,Conhecimento,média,avaliar consolidação conceitual
1053,Desktop,Desktop,desktop,G1 / Globo.com,Entretenimento & Mídia,,formato/inventário,transversal,,,,Transversal/indefinido,,Conhecimento,média,avaliar consolidação conceitual
1054,Tablet,Tablet,tablet,G1 / Globo.com,Entretenimento & Mídia,,formato/inventário,transversal,,,,Transversal/indefinido,,Conhecimento,média,avaliar consolidação conceitual
1055,App G1,App G1,app g1,G1 / Globo.com,Entretenimento & Mídia,,contexto/afinidade de conteúdo,transversal,,,,Transversal/indefinido,,,média,mapear
1056,Billboard,Billboard,billboard,G1 / Globo.com,Entretenimento & Mídia,,contexto/afinidade de conteúdo,transversal,,,,Transversal/indefinido,,,média,mapear
1057,Retangulo,Retangulo,retangulo,G1 / Globo.com,Entretenimento & Mídia,,contexto/afinidade de conteúdo,transversal,,,,Transversal/indefinido,,,média,mapear
1058,Video Pre-roll,Video Pre-roll,video pre-roll,G1 / Globo.com,Entretenimento & Mídia,,formato/inventário,transversal,,,,Transversal/indefinido,,Conhecimento,média,avaliar consolidação conceitual
1059,Rich Media,Rich Media,rich media,G1 / Globo.com,Entretenimento & Mídia,,contexto/afinidade de conteúdo,transversal,,,,Transversal/indefinido,,,média,mapear
1060,Takeover,Takeover,takeover,G1 / Globo.com,Entretenimento & Mídia,,formato/inventário,transversal,,,,Transversal/indefinido,,Conhecimento,alta,mapear
1061,Native Ads,Native Ads,native ads,G1 / Globo.com,Entretenimento & Mídia,,formato/inventário,transversal,,,,Transversal/indefinido,,Conhecimento,média,avaliar consolidação conceitual
1062,Branded Content,Branded Content,branded content,G1 / Globo.com,Entretenimento & Mídia,,formato/inventário,transversal,,,,Transversal/indefinido,,Conhecimento,média,avaliar consolidação conceitual
1063,Daypart manha,Daypart manha,daypart manha,G1 / Globo.com,Entretenimento & Mídia,,formato/inventário,transversal,,,,Transversal/indefinido,,Conhecimento,alta,mapear
1064,Daypart tarde,Daypart tarde,daypart tarde,G1 / Globo.com,Entretenimento & Mídia,,formato/inventário,transversal,,,,Transversal/indefinido,,Conhecimento,alta,mapear
1065,Daypart noite,Daypart noite,daypart noite,G1 / Globo.com,Entretenimento & Mídia,,formato/inventário,transversal,,,,Transversal/indefinido,,Conhecimento,alta,mapear
1066,Regional Nordeste + Mobile,Regional Nordeste + Mobile,regional nordeste + mobile,G1 / Globo.com,Entretenimento & Mídia,,formato/inventário,transversal,,,,Transversal/indefinido,,Conhecimento,alta,mapear
1067,Politica + Desktop,Politica + Desktop,politica + desktop,G1 / Globo.com,Entretenimento & Mídia,,formato/inventário,transversal,,,"Entretenimento, Conteúdo & Esportes",Transversal/indefinido,,Conhecimento,alta,mapear
1068,Economia + AB,Economia + AB,economia + ab,G1 / Globo.com,Entretenimento & Mídia,,contexto/afinidade de conteúdo,transversal,,,,Transversal/indefinido,,,média,mapear
1069,Saude + Mulheres 35+,Saude + Mulheres 35+,saude + mulheres 35+,G1 / Globo.com,Entretenimento & Mídia,,contexto/afinidade de conteúdo,vertical,"Saúde, Bem-estar & Beleza",Saúde e prevenção,,B2C,demográfico/socioeconômico,,alta,mapear
1070,Hard news + Video preroll,Hard news + Video preroll,hard news + video preroll,G1 / Globo.com,Entretenimento & Mídia,,contexto/afinidade de conteúdo,transversal,,,,Transversal/indefinido,,,média,mapear
1071,Globo ID + Native,Globo ID + Native,globo id + native,G1 / Globo.com,Entretenimento & Mídia,,contexto/afinidade de conteúdo,transversal,,,,Transversal/indefinido,,,média,mapear
1072,Eleicoes + Heavy readers,Eleicoes + Heavy readers,eleicoes + heavy readers,G1 / Globo.com,Entretenimento & Mídia,,contexto/afinidade de conteúdo,transversal,,,,Transversal/indefinido,consumo de conteúdo,Conhecimento | Consideração,média,mapear
1073,Mega eventos + Takeover,Mega eventos + Takeover,mega eventos + takeover,G1 / Globo.com,Entretenimento & Mídia,,formato/inventário,transversal,,,,Transversal/indefinido,,Conhecimento,alta,mapear
1074,AMP + Light readers,AMP + Light readers,amp + light readers,G1 / Globo.com,Entretenimento & Mídia,,contexto/afinidade de conteúdo,transversal,,,,Transversal/indefinido,consumo de conteúdo,Conhecimento | Consideração,média,mapear
1075,Regional Sul + Classe AB,Regional Sul + Classe AB,regional sul + classe ab,G1 / Globo.com,Entretenimento & Mídia,,contexto/afinidade de conteúdo,transversal,,,,Transversal/indefinido,demográfico/socioeconômico,,média,mapear
1076,Ciencia + Millennials,Ciencia + Millennials,ciencia + millennials,G1 / Globo.com,Entretenimento & Mídia,,contexto/afinidade de conteúdo,transversal,,,,Transversal/indefinido,,,média,mapear
1077,Auto Esporte + Homens,Auto Esporte + Homens,auto esporte + homens,G1 / Globo.com,Entretenimento & Mídia,,contexto/afinidade de conteúdo,vertical,"Entretenimento, Conteúdo & Esportes",Esportes e futebol,,Transversal/indefinido,,,alta,mapear
1078,Educacao + Gen Z,Educacao + Gen Z,educacao + gen z,G1 / Globo.com,Entretenimento & Mídia,,contexto/afinidade de conteúdo,vertical,Educação & Carreira,Outros / revisar,"Entretenimento, Conteúdo & Esportes",Transversal/indefinido,demográfico/socioeconômico,,média,mapear
1079,Retargeting + Billboard,Retargeting + Billboard,retargeting + billboard,G1 / Globo.com,Entretenimento & Mídia,,tática de ativação,transversal,,,,Transversal/indefinido,retargeting,Reengajamento,alta,mapear
1080,Lookalike + Video,Lookalike + Video,lookalike + video,G1 / Globo.com,Entretenimento & Mídia,,tática de ativação,transversal,,,,Transversal/indefinido,modelado/lookalike,,alta,mapear
1081,Natureza + Desktop,Natureza + Desktop,natureza + desktop,G1 / Globo.com,Entretenimento & Mídia,,formato/inventário,transversal,,,,Transversal/indefinido,,Conhecimento,alta,mapear
1082,Pop Arte + Mulheres,Pop Arte + Mulheres,pop arte + mulheres,G1 / Globo.com,Entretenimento & Mídia,,contexto/afinidade de conteúdo,transversal,,,,B2C,demográfico/socioeconômico,,média,mapear
1083,Mundo + Internacional engajados,Mundo + Internacional engajados,mundo + internacional engajados,G1 / Globo.com,Entretenimento & Mídia,,contexto/afinidade de conteúdo,transversal,,,,Transversal/indefinido,,,média,mapear
1084,Politica,Politica,politica,CNN Brasil,Entretenimento & Mídia,,contexto/afinidade de conteúdo,vertical,"Entretenimento, Conteúdo & Esportes",Notícias e atualidades,,Transversal/indefinido,,,média,avaliar consolidação conceitual
1085,Economia,Economia,economia,CNN Brasil,Entretenimento & Mídia,,contexto/afinidade de conteúdo,transversal,,,,Transversal/indefinido,,,média,avaliar consolidação conceitual
1086,Internacional,Internacional,internacional,CNN Brasil,Entretenimento & Mídia,,contexto/afinidade de conteúdo,transversal,,,,Transversal/indefinido,,,média,mapear
1087,Tecnologia,Tecnologia,tecnologia,CNN Brasil,Entretenimento & Mídia,,contexto/afinidade de conteúdo,vertical,"B2B, Enterprise & Indústria",Tecnologia B2B,,Transversal/indefinido,,,média,avaliar consolidação conceitual
1088,Saude,Saude,saude,CNN Brasil,Entretenimento & Mídia,,contexto/afinidade de conteúdo,vertical,"Saúde, Bem-estar & Beleza",Saúde e prevenção,,Transversal/indefinido,,,média,avaliar consolidação conceitual
1089,Esportes,Esportes,esportes,CNN Brasil,Entretenimento & Mídia,,contexto/afinidade de conteúdo,vertical,"Entretenimento, Conteúdo & Esportes",Esportes e futebol,,Transversal/indefinido,,,média,avaliar consolidação conceitual
1090,Entretenimento,Entretenimento,entretenimento,CNN Brasil,Entretenimento & Mídia,,contexto/afinidade de conteúdo,vertical,"Entretenimento, Conteúdo & Esportes",Outros / revisar,,Transversal/indefinido,,,média,mapear
1091,CNN Business,CNN Business,cnn business,CNN Brasil,Entretenimento & Mídia,,contexto/afinidade de conteúdo,transversal,,,,Transversal/indefinido,,,média,mapear
1092,CNN Viagem e Gastronomia,CNN Viagem e Gastronomia,cnn viagem e gastronomia,CNN Brasil,Entretenimento & Mídia,,contexto/afinidade de conteúdo,vertical,Varejo & Consumo,"Alimentos, bebidas e gastronomia",Serviços ao Consumidor,Transversal/indefinido,,,média,mapear
1093,CNN Esportes Vertical,CNN Esportes Vertical,cnn esportes vertical,CNN Brasil,Entretenimento & Mídia,,contexto/afinidade de conteúdo,vertical,"Entretenimento, Conteúdo & Esportes",Esportes e futebol,,Transversal/indefinido,,,alta,mapear
1094,Breaking News,Breaking News,breaking news,CNN Brasil,Entretenimento & Mídia,,formato/inventário,transversal,,,,Transversal/indefinido,,Conhecimento,alta,mapear
1095,Ao vivo,Ao vivo,ao vivo,CNN Brasil,Entretenimento & Mídia,,formato/inventário,transversal,,,,Transversal/indefinido,,Conhecimento,alta,mapear
1096,Keywords contextuais,Keywords contextuais,keywords contextuais,CNN Brasil,Entretenimento & Mídia,,tática de ativação,transversal,,,,Transversal/indefinido,contextual/editorial,Conhecimento | Consideração,média,avaliar consolidação conceitual
1097,Brand safety por categoria,Brand safety por categoria,brand safety por categoria,CNN Brasil,Entretenimento & Mídia,,tática de ativação,transversal,,,,Transversal/indefinido,contextual/editorial,Conhecimento | Consideração,alta,mapear
1098,Mulheres (geral),Mulheres (geral),mulheres (geral),CNN Brasil,Entretenimento & Mídia,,contexto/afinidade de conteúdo,transversal,,,,B2C,demográfico/socioeconômico,,média,avaliar consolidação conceitual
1099,Homens (geral),Homens (geral),homens (geral),CNN Brasil,Entretenimento & Mídia,,contexto/afinidade de conteúdo,transversal,,,,Transversal/indefinido,,,média,avaliar consolidação conceitual
1100,18-24 anos,18-24 anos,18-24 anos,CNN Brasil,Entretenimento & Mídia,,perfil transversal,transversal,,,,Transversal/indefinido,demográfico/socioeconômico,Conhecimento,alta,mapear
1101,25-34 anos,25-34 anos,25-34 anos,CNN Brasil,Entretenimento & Mídia,,perfil transversal,transversal,,,,Transversal/indefinido,demográfico/socioeconômico,Conhecimento,alta,mapear
1102,35-44 anos,35-44 anos,35-44 anos,CNN Brasil,Entretenimento & Mídia,,perfil transversal,transversal,,,,Transversal/indefinido,demográfico/socioeconômico,Conhecimento,média,avaliar consolidação conceitual
1103,45+ anos,45+ anos,45+ anos,CNN Brasil,Entretenimento & Mídia,,contexto/afinidade de conteúdo,transversal,,,,Transversal/indefinido,demográfico/socioeconômico,,média,avaliar consolidação conceitual
1104,Mulheres 25-44,Mulheres 25-44,mulheres 25-44,CNN Brasil,Entretenimento & Mídia,,contexto/afinidade de conteúdo,transversal,,,,B2C,demográfico/socioeconômico,,média,mapear
1105,Homens 25-44,Homens 25-44,homens 25-44,CNN Brasil,Entretenimento & Mídia,,contexto/afinidade de conteúdo,transversal,,,,Transversal/indefinido,,,média,mapear
1106,Classe AB predominante,Classe AB predominante,classe ab predominante,CNN Brasil,Entretenimento & Mídia,,perfil transversal,transversal,,,,Transversal/indefinido,demográfico/socioeconômico,Conhecimento,alta,mapear
1107,Decisores 35-54,Decisores 35-54,decisores 35-54,CNN Brasil,Entretenimento & Mídia,,contexto/afinidade de conteúdo,vertical,"B2B, Enterprise & Indústria",Liderança e decisores,,B2B,cargo/função profissional,,alta,mapear
1108,Gen Z 18-24,Gen Z 18-24,gen z 18-24,CNN Brasil,Entretenimento & Mídia,,perfil transversal,transversal,,,,Transversal/indefinido,demográfico/socioeconômico,Conhecimento,alta,mapear
1109,Millennials 25-40,Millennials 25-40,millennials 25-40,CNN Brasil,Entretenimento & Mídia,,perfil transversal,transversal,,,,Transversal/indefinido,,Conhecimento,alta,mapear
1110,Adults 25-54,Adults 25-54,adults 25-54,CNN Brasil,Entretenimento & Mídia,,contexto/afinidade de conteúdo,transversal,,,,Transversal/indefinido,,,média,avaliar consolidação conceitual
1111,Perfil executivo AB,Perfil executivo AB,perfil executivo ab,CNN Brasil,Entretenimento & Mídia,,contexto/afinidade de conteúdo,vertical,"B2B, Enterprise & Indústria",Liderança e decisores,,B2B,cargo/função profissional,,alta,mapear
1112,Heavy readers diarios,Heavy readers diarios,heavy readers diarios,CNN Brasil,Entretenimento & Mídia,,contexto/afinidade de conteúdo,transversal,,,,Transversal/indefinido,consumo de conteúdo,Conhecimento | Consideração,média,avaliar consolidação conceitual
1113,Heavy readers semanais,Heavy readers semanais,heavy readers semanais,CNN Brasil,Entretenimento & Mídia,,contexto/afinidade de conteúdo,transversal,,,,Transversal/indefinido,consumo de conteúdo,Conhecimento | Consideração,média,mapear
1114,Light readers,Light readers,light readers,CNN Brasil,Entretenimento & Mídia,,contexto/afinidade de conteúdo,transversal,,,,Transversal/indefinido,consumo de conteúdo,Conhecimento | Consideração,média,avaliar consolidação conceitual
1115,Consumidores video ao vivo,Consumidores video ao vivo,consumidores video ao vivo,CNN Brasil,Entretenimento & Mídia,,formato/inventário,transversal,,,,B2C,compra/consumo observado,Consideração | Conversão,alta,mapear
1116,Consumidores texto,Consumidores texto,consumidores texto,CNN Brasil,Entretenimento & Mídia,,contexto/afinidade de conteúdo,transversal,,,,B2C,compra/consumo observado,Consideração | Conversão,média,mapear
1117,Perfil decisor profissional,Perfil decisor profissional,perfil decisor profissional,CNN Brasil,Entretenimento & Mídia,,contexto/afinidade de conteúdo,vertical,"B2B, Enterprise & Indústria",Liderança e decisores,,B2B,cargo/função profissional,,alta,mapear
1118,Interesse Business,Interesse Business,interesse business,CNN Brasil,Entretenimento & Mídia,,contexto/afinidade de conteúdo,transversal,,,,Transversal/indefinido,interesse/afinidade,Conhecimento | Consideração,média,mapear
1119,Breaking news engajados,Breaking news engajados,breaking news engajados,CNN Brasil,Entretenimento & Mídia,,formato/inventário,transversal,,,,Transversal/indefinido,,Conhecimento,alta,mapear
1120,Retargeting visitantes,Retargeting visitantes,retargeting visitantes,CNN Brasil,Entretenimento & Mídia,,tática de ativação,transversal,,,,B2C,visitação/localização | retargeting,Consideração | Conversão | Reengajamento,média,avaliar consolidação conceitual
1121,CRM Match via DSP,CRM Match via DSP,crm match via dsp,CNN Brasil,Entretenimento & Mídia,,tática de ativação,transversal,,,,Transversal/indefinido,dados próprios/CRM,Fidelização/base própria,alta,mapear
1122,Lookalike investidores,Lookalike investidores,lookalike investidores,CNN Brasil,Entretenimento & Mídia,,tática de ativação,transversal,,,Finanças & Seguros,Transversal/indefinido,modelado/lookalike,,alta,mapear
1123,Lookalike heavy readers,Lookalike heavy readers,lookalike heavy readers,CNN Brasil,Entretenimento & Mídia,,tática de ativação,transversal,,,,Transversal/indefinido,modelado/lookalike | consumo de conteúdo,Conhecimento | Consideração,média,avaliar consolidação conceitual
1124,Audiencia 1st-party logada,Audiencia 1st-party logada,audiencia 1st-party logada,CNN Brasil,Entretenimento & Mídia,,tática de ativação,transversal,,,,Transversal/indefinido,dados próprios/CRM,Fidelização/base própria,alta,mapear
1125,Mobile iOS Android,Mobile iOS Android,mobile ios android,CNN Brasil,Entretenimento & Mídia,,contexto/afinidade de conteúdo,transversal,,,,Transversal/indefinido,,,média,mapear
1126,Desktop Web,Desktop Web,desktop web,CNN Brasil,Entretenimento & Mídia,,contexto/afinidade de conteúdo,transversal,,,,Transversal/indefinido,,,média,mapear
1127,Tablet,Tablet,tablet,CNN Brasil,Entretenimento & Mídia,,formato/inventário,transversal,,,,Transversal/indefinido,,Conhecimento,média,avaliar consolidação conceitual
1128,App CNN Brasil,App CNN Brasil,app cnn brasil,CNN Brasil,Entretenimento & Mídia,,contexto/afinidade de conteúdo,transversal,,,,Transversal/indefinido,,,média,mapear
1129,Smart TV CNN ao vivo,Smart TV CNN ao vivo,smart tv cnn ao vivo,CNN Brasil,Entretenimento & Mídia,,formato/inventário,transversal,,,,Transversal/indefinido,,Conhecimento,alta,mapear
1130,Display Billboard,Display Billboard,display billboard,CNN Brasil,Entretenimento & Mídia,,formato/inventário,transversal,,,,Transversal/indefinido,,Conhecimento,alta,mapear
1131,Video Pre-roll,Video Pre-roll,video pre-roll,CNN Brasil,Entretenimento & Mídia,,formato/inventário,transversal,,,,Transversal/indefinido,,Conhecimento,média,avaliar consolidação conceitual
1132,Native Ads,Native Ads,native ads,CNN Brasil,Entretenimento & Mídia,,formato/inventário,transversal,,,,Transversal/indefinido,,Conhecimento,média,avaliar consolidação conceitual
1133,Branded Content,Branded Content,branded content,CNN Brasil,Entretenimento & Mídia,,formato/inventário,transversal,,,,Transversal/indefinido,,Conhecimento,média,avaliar consolidação conceitual
1134,Daypart manha 6h-12h,Daypart manha 6h-12h,daypart manha 6h-12h,CNN Brasil,Entretenimento & Mídia,,formato/inventário,transversal,,,,Transversal/indefinido,,Conhecimento,alta,mapear
1135,Daypart tarde 12h-18h,Daypart tarde 12h-18h,daypart tarde 12h-18h,CNN Brasil,Entretenimento & Mídia,,formato/inventário,transversal,,,,Transversal/indefinido,,Conhecimento,alta,mapear
1136,Daypart noite 18h-24h,Daypart noite 18h-24h,daypart noite 18h-24h,CNN Brasil,Entretenimento & Mídia,,formato/inventário,transversal,,,,Transversal/indefinido,,Conhecimento,alta,mapear
1137,Business + Homens AB,Business + Homens AB,business + homens ab,CNN Brasil,Entretenimento & Mídia,,contexto/afinidade de conteúdo,transversal,,,,Transversal/indefinido,,,média,mapear
1138,Politica + 35+,Politica + 35+,politica + 35+,CNN Brasil,Entretenimento & Mídia,,contexto/afinidade de conteúdo,vertical,"Entretenimento, Conteúdo & Esportes",Notícias e atualidades,,Transversal/indefinido,,,alta,mapear
1139,Esportes + Mobile,Esportes + Mobile,esportes + mobile,CNN Brasil,Entretenimento & Mídia,,formato/inventário,transversal,,,"Entretenimento, Conteúdo & Esportes",Transversal/indefinido,,Conhecimento,alta,mapear
1140,Saude + Mulheres 25-44,Saude + Mulheres 25-44,saude + mulheres 25-44,CNN Brasil,Entretenimento & Mídia,,contexto/afinidade de conteúdo,vertical,"Saúde, Bem-estar & Beleza",Saúde e prevenção,,B2C,demográfico/socioeconômico,,alta,mapear
1141,Breaking + Heavy readers,Breaking + Heavy readers,breaking + heavy readers,CNN Brasil,Entretenimento & Mídia,,contexto/afinidade de conteúdo,transversal,,,,Transversal/indefinido,consumo de conteúdo,Conhecimento | Consideração,média,mapear
1142,Video ao vivo + Pre-roll,Video ao vivo + Pre-roll,video ao vivo + pre-roll,CNN Brasil,Entretenimento & Mídia,,formato/inventário,transversal,,,,Transversal/indefinido,,Conhecimento,alta,mapear
1143,Tech + Early adopters,Tech + Early adopters,tech + early adopters,CNN Brasil,Entretenimento & Mídia,,contexto/afinidade de conteúdo,transversal,,,,Transversal/indefinido,,,média,mapear
1144,Internacional + Desktop,Internacional + Desktop,internacional + desktop,CNN Brasil,Entretenimento & Mídia,,formato/inventário,transversal,,,,Transversal/indefinido,,Conhecimento,alta,mapear
1145,Classe AB + Economia,Classe AB + Economia,classe ab + economia,CNN Brasil,Entretenimento & Mídia,,perfil transversal,transversal,,,,Transversal/indefinido,demográfico/socioeconômico,Conhecimento,alta,mapear
1146,Retargeting + Native,Retargeting + Native,retargeting + native,CNN Brasil,Entretenimento & Mídia,,tática de ativação,transversal,,,,Transversal/indefinido,retargeting,Reengajamento,alta,mapear
1147,Lookalike + Display ROS,Lookalike + Display ROS,lookalike + display ros,CNN Brasil,Entretenimento & Mídia,,tática de ativação,transversal,,,,Transversal/indefinido,modelado/lookalike,,alta,mapear
1148,CTV + Noticias noite,CTV + Noticias noite,ctv + noticias noite,CNN Brasil,Entretenimento & Mídia,,formato/inventário,transversal,,,"Entretenimento, Conteúdo & Esportes",Transversal/indefinido,contextual/editorial,Conhecimento | Consideração,alta,mapear
1149,Mercados acoes,Mercados acoes,mercados acoes,InfoMoney,Finanças & Seguros,,contexto/afinidade de conteúdo,vertical,Finanças & Seguros,Investimentos e patrimônio,,Transversal/indefinido,,,alta,mapear
1150,Renda fixa e Tesouro,Renda fixa e Tesouro,renda fixa e tesouro,InfoMoney,Finanças & Seguros,,contexto/afinidade de conteúdo,vertical,Finanças & Seguros,Investimentos e patrimônio,,Transversal/indefinido,demográfico/socioeconômico,,alta,mapear
1151,Fundos imobiliarios,Fundos imobiliarios,fundos imobiliarios,InfoMoney,Finanças & Seguros,,contexto/afinidade de conteúdo,vertical,Imobiliário & Construção,Outros / revisar,Finanças & Seguros,Transversal/indefinido,,,média,mapear
1152,Criptomoedas,Criptomoedas,criptomoedas,InfoMoney,Finanças & Seguros,,contexto/afinidade de conteúdo,vertical,Finanças & Seguros,Investimentos e patrimônio,,Transversal/indefinido,,,alta,mapear
1153,Economia e Copom,Economia e Copom,economia e copom,InfoMoney,Finanças & Seguros,,contexto/afinidade de conteúdo,vertical,Finanças & Seguros,Educação e conteúdo financeiro,,Transversal/indefinido,,,alta,mapear
1154,Negocios e startups,Negocios e startups,negocios e startups,InfoMoney,Finanças & Seguros,,contexto/afinidade de conteúdo,vertical,"B2B, Enterprise & Indústria",Outros / revisar,,B2B,empresa/firmográfico,,média,mapear
1155,Financas pessoais,Financas pessoais,financas pessoais,InfoMoney,Finanças & Seguros,,contexto/afinidade de conteúdo,vertical,Finanças & Seguros,Outros / revisar,,Transversal/indefinido,,,média,mapear
1156,IPOs ofertas,IPOs ofertas,ipos ofertas,InfoMoney,Finanças & Seguros,,contexto/afinidade de conteúdo,vertical,Varejo & Consumo,Ofertas e sazonalidades,,Transversal/indefinido,,,alta,mapear
1157,Educacao financeira,Educacao financeira,educacao financeira,InfoMoney,Finanças & Seguros,,contexto/afinidade de conteúdo,vertical,Finanças & Seguros,Educação e conteúdo financeiro,"Educação & Carreira | Entretenimento, Conteúdo & Esportes",Transversal/indefinido,,,média,mapear
1158,Morning Call mercado,Morning Call mercado,morning call mercado,InfoMoney,Finanças & Seguros,,contexto/afinidade de conteúdo,transversal,,,,Transversal/indefinido,,,média,mapear
1159,Webinars eventos,Webinars eventos,webinars eventos,InfoMoney,Finanças & Seguros,,contexto/afinidade de conteúdo,transversal,,,,Transversal/indefinido,,,média,mapear
1160,Forex cambio,Forex cambio,forex cambio,InfoMoney,Finanças & Seguros,,contexto/afinidade de conteúdo,vertical,Finanças & Seguros,Outros / revisar,,Transversal/indefinido,,,média,mapear
1161,Perfil conservador moderado arrojado,Perfil conservador moderado arrojado,perfil conservador moderado arrojado,InfoMoney,Finanças & Seguros,,contexto/afinidade de conteúdo,transversal,,,,Transversal/indefinido,,,média,mapear
1162,Brand safety financeiro,Brand safety financeiro,brand safety financeiro,InfoMoney,Finanças & Seguros,,tática de ativação,transversal,,,Finanças & Seguros,Transversal/indefinido,contextual/editorial,Conhecimento | Consideração,alta,mapear
1163,Homens geral,Homens geral,homens geral,InfoMoney,Finanças & Seguros,,perfil transversal,transversal,,,,Transversal/indefinido,,Conhecimento,média,avaliar consolidação conceitual
1164,Mulheres investidoras,Mulheres investidoras,mulheres investidoras,InfoMoney,Finanças & Seguros,,contexto/afinidade de conteúdo,vertical,Finanças & Seguros,Investimentos e patrimônio,,B2C,demográfico/socioeconômico,,alta,mapear
1165,25-44 core investidores,25-44 core investidores,25-44 core investidores,InfoMoney,Finanças & Seguros,,contexto/afinidade de conteúdo,vertical,Finanças & Seguros,Investimentos e patrimônio,,Transversal/indefinido,,,alta,mapear
1166,45+ patrimonio,45+ patrimonio,45+ patrimonio,InfoMoney,Finanças & Seguros,,contexto/afinidade de conteúdo,vertical,Finanças & Seguros,Investimentos e patrimônio,,Transversal/indefinido,,,alta,mapear
1167,Classe AB,Classe AB,classe ab,InfoMoney,Finanças & Seguros,,perfil transversal,transversal,,,,Transversal/indefinido,demográfico/socioeconômico,Conhecimento,média,avaliar consolidação conceitual
1168,Superior completo,Superior completo,superior completo,InfoMoney,Finanças & Seguros,,contexto/afinidade de conteúdo,transversal,,,,Transversal/indefinido,,,média,mapear
1169,Gen Z aprendendo investir,Gen Z aprendendo investir,gen z aprendendo investir,InfoMoney,Finanças & Seguros,,perfil transversal,transversal,,,Finanças & Seguros,Transversal/indefinido,demográfico/socioeconômico,Conhecimento,alta,mapear
1170,Millennials traders,Millennials traders,millennials traders,InfoMoney,Finanças & Seguros,,perfil transversal,transversal,,,Finanças & Seguros,Transversal/indefinido,,Conhecimento,alta,mapear
1171,Decisores CFO gestores,Decisores CFO gestores,decisores cfo gestores,InfoMoney,Finanças & Seguros,,contexto/afinidade de conteúdo,vertical,"B2B, Enterprise & Indústria",Liderança e decisores,,B2B,cargo/função profissional,,alta,mapear
1172,Empreendedores,Empreendedores,empreendedores,InfoMoney,Finanças & Seguros,,contexto/afinidade de conteúdo,vertical,"B2B, Enterprise & Indústria",PMEs e empreendedores,,B2B,,,média,avaliar consolidação conceitual
1173,Investidores ativos,Investidores ativos,investidores ativos,InfoMoney,Finanças & Seguros,,contexto/afinidade de conteúdo,vertical,Finanças & Seguros,Investimentos e patrimônio,,Transversal/indefinido,,,alta,mapear
1174,Investidores iniciantes,Investidores iniciantes,investidores iniciantes,InfoMoney,Finanças & Seguros,,contexto/afinidade de conteúdo,vertical,Finanças & Seguros,Investimentos e patrimônio,,Transversal/indefinido,,,alta,mapear
1175,Traders day swing,Traders day swing,traders day swing,InfoMoney,Finanças & Seguros,,contexto/afinidade de conteúdo,vertical,Finanças & Seguros,Investimentos e patrimônio,,Transversal/indefinido,,,alta,mapear
1176,Newsletter financeira,Newsletter financeira,newsletter financeira,InfoMoney,Finanças & Seguros,,contexto/afinidade de conteúdo,vertical,Finanças & Seguros,Outros / revisar,,Transversal/indefinido,,,média,mapear
1177,Webinars participantes,Webinars participantes,webinars participantes,InfoMoney,Finanças & Seguros,,contexto/afinidade de conteúdo,transversal,,,,Transversal/indefinido,,,média,mapear
1178,Heavy readers diarios,Heavy readers diarios,heavy readers diarios,InfoMoney,Finanças & Seguros,,contexto/afinidade de conteúdo,transversal,,,,Transversal/indefinido,consumo de conteúdo,Conhecimento | Consideração,média,avaliar consolidação conceitual
1179,Retargeting,Retargeting,retargeting,InfoMoney,Finanças & Seguros,,tática de ativação,transversal,,,,Transversal/indefinido,retargeting,Reengajamento,média,avaliar consolidação conceitual
1180,CRM Match,CRM Match,crm match,InfoMoney,Finanças & Seguros,,tática de ativação,transversal,,,,Transversal/indefinido,dados próprios/CRM,Fidelização/base própria,alta,mapear
1181,Lookalike investidor,Lookalike investidor,lookalike investidor,InfoMoney,Finanças & Seguros,,tática de ativação,transversal,,,Finanças & Seguros,Transversal/indefinido,modelado/lookalike,,alta,mapear
1182,Newsletter assinantes,Newsletter assinantes,newsletter assinantes,InfoMoney,Finanças & Seguros,,contexto/afinidade de conteúdo,transversal,,,,Transversal/indefinido,,,média,mapear
1183,Webinars leads,Webinars leads,webinars leads,InfoMoney,Finanças & Seguros,,contexto/afinidade de conteúdo,transversal,,,,Transversal/indefinido,,,média,mapear
1184,Mobile,Mobile,mobile,InfoMoney,Finanças & Seguros,,formato/inventário,transversal,,,,Transversal/indefinido,,Conhecimento,média,avaliar consolidação conceitual
1185,Desktop mercado,Desktop mercado,desktop mercado,InfoMoney,Finanças & Seguros,,contexto/afinidade de conteúdo,transversal,,,,Transversal/indefinido,,,média,mapear
1186,App InfoMoney,App InfoMoney,app infomoney,InfoMoney,Finanças & Seguros,,contexto/afinidade de conteúdo,transversal,,,,Transversal/indefinido,,,média,mapear
1187,Retangulo display,Retangulo display,retangulo display,InfoMoney,Finanças & Seguros,,formato/inventário,transversal,,,,Transversal/indefinido,,Conhecimento,alta,mapear
1188,Native,Native,native,InfoMoney,Finanças & Seguros,,contexto/afinidade de conteúdo,transversal,,,,Transversal/indefinido,,,média,avaliar consolidação conceitual
1189,Branded Content,Branded Content,branded content,InfoMoney,Finanças & Seguros,,formato/inventário,transversal,,,,Transversal/indefinido,,Conhecimento,média,avaliar consolidação conceitual
1190,Newsletter slot,Newsletter slot,newsletter slot,InfoMoney,Finanças & Seguros,,contexto/afinidade de conteúdo,transversal,,,,Transversal/indefinido,,,média,mapear
1191,Horario mercado 10h-17h,Horario mercado 10h-17h,horario mercado 10h-17h,InfoMoney,Finanças & Seguros,,contexto/afinidade de conteúdo,transversal,,,,Transversal/indefinido,,,média,mapear
1192,Acoes + Traders + Mobile,Acoes + Traders + Mobile,acoes + traders + mobile,InfoMoney,Finanças & Seguros,,formato/inventário,transversal,,,Finanças & Seguros,Transversal/indefinido,,Conhecimento,alta,mapear
1193,Renda fixa + Conservador 45+,Renda fixa + Conservador 45+,renda fixa + conservador 45+,InfoMoney,Finanças & Seguros,,contexto/afinidade de conteúdo,vertical,Finanças & Seguros,Investimentos e patrimônio,,Transversal/indefinido,demográfico/socioeconômico,,alta,mapear
1194,FIIs + Classe AB,FIIs + Classe AB,fiis + classe ab,InfoMoney,Finanças & Seguros,,contexto/afinidade de conteúdo,transversal,,,,Transversal/indefinido,demográfico/socioeconômico,,média,mapear
1195,Cripto + Gen Z Millennials,Cripto + Gen Z Millennials,cripto + gen z millennials,InfoMoney,Finanças & Seguros,,contexto/afinidade de conteúdo,vertical,Finanças & Seguros,Investimentos e patrimônio,,Transversal/indefinido,demográfico/socioeconômico,,alta,mapear
1196,Morning Call + Desktop,Morning Call + Desktop,morning call + desktop,InfoMoney,Finanças & Seguros,,formato/inventário,transversal,,,,Transversal/indefinido,,Conhecimento,alta,mapear
1197,Webinar + CRM retargeting,Webinar + CRM retargeting,webinar + crm retargeting,InfoMoney,Finanças & Seguros,,tática de ativação,transversal,,,,Transversal/indefinido,dados próprios/CRM | retargeting,Fidelização/base própria | Reengajamento,alta,mapear
1198,IPO + Lookalike qualificado,IPO + Lookalike qualificado,ipo + lookalike qualificado,InfoMoney,Finanças & Seguros,,tática de ativação,transversal,,,,Transversal/indefinido,modelado/lookalike,,alta,mapear
1199,Educacao financeira + Iniciantes,Educacao financeira + Iniciantes,educacao financeira + iniciantes,InfoMoney,Finanças & Seguros,,contexto/afinidade de conteúdo,vertical,Finanças & Seguros,Educação e conteúdo financeiro,"Educação & Carreira | Entretenimento, Conteúdo & Esportes",Transversal/indefinido,,,média,mapear
1200,Silvio Santos Eliana Portiolli,Silvio Santos Eliana Portiolli,silvio santos eliana portiolli,SBT,Entretenimento & Mídia,,contexto/afinidade de conteúdo,transversal,,,,Transversal/indefinido,,,média,mapear
1201,Entretenimento geral,Entretenimento geral,entretenimento geral,SBT,Entretenimento & Mídia,,contexto/afinidade de conteúdo,vertical,"Entretenimento, Conteúdo & Esportes",Outros / revisar,,Transversal/indefinido,,,média,mapear
1202,SBT News 24h,SBT News 24h,sbt news 24h,SBT,Entretenimento & Mídia,,contexto/afinidade de conteúdo,transversal,,,,Transversal/indefinido,,,média,mapear
1203,Infantil Bom Dia e Cia,Infantil Bom Dia e Cia,infantil bom dia e cia,SBT,Entretenimento & Mídia,,contexto/afinidade de conteúdo,vertical,"Entretenimento, Conteúdo & Esportes",Conteúdo infantil e familiar,,Transversal/indefinido,,,alta,mapear
1204,Novela e drama,Novela e drama,novela e drama,SBT,Entretenimento & Mídia,,contexto/afinidade de conteúdo,vertical,"Entretenimento, Conteúdo & Esportes","Cinema, séries e gêneros",,Transversal/indefinido,,,alta,mapear
1205,Copa do Mundo 2026,Copa do Mundo 2026,copa do mundo 2026,SBT,Entretenimento & Mídia,,contexto/afinidade de conteúdo,vertical,"Entretenimento, Conteúdo & Esportes",Esportes e futebol,,Transversal/indefinido,,,alta,mapear
1206,Streaming mais SBT,Streaming mais SBT,streaming mais sbt,SBT,Entretenimento & Mídia,,contexto/afinidade de conteúdo,vertical,"Entretenimento, Conteúdo & Esportes",Outros / revisar,,Transversal/indefinido,,,média,mapear
1207,YouTube SBT,YouTube SBT,youtube sbt,SBT,Entretenimento & Mídia,,contexto/afinidade de conteúdo,transversal,,,,Transversal/indefinido,,,média,mapear
1208,Esportes SBT,Esportes SBT,esportes sbt,SBT,Entretenimento & Mídia,,contexto/afinidade de conteúdo,vertical,"Entretenimento, Conteúdo & Esportes",Esportes e futebol,,Transversal/indefinido,,,alta,mapear
1209,Brand safety,Brand safety,brand safety,SBT,Entretenimento & Mídia,,tática de ativação,transversal,,,,Transversal/indefinido,contextual/editorial,Conhecimento | Consideração,alta,mapear
1210,Horario nobre 20h-23h,Horario nobre 20h-23h,horario nobre 20h-23h,SBT,Entretenimento & Mídia,,formato/inventário,transversal,,,,Transversal/indefinido,,Conhecimento,alta,mapear
1211,Grade manha infantil,Grade manha infantil,grade manha infantil,SBT,Entretenimento & Mídia,,formato/inventário,transversal,,,"Entretenimento, Conteúdo & Esportes",Transversal/indefinido,,Conhecimento,alta,mapear
1212,Migracao TV aberta digital,Migracao TV aberta digital,migracao tv aberta digital,SBT,Entretenimento & Mídia,,contexto/afinidade de conteúdo,vertical,"Entretenimento, Conteúdo & Esportes","Cinema, séries e gêneros",,Transversal/indefinido,,,alta,mapear
1213,Keywords contextuais,Keywords contextuais,keywords contextuais,SBT,Entretenimento & Mídia,,tática de ativação,transversal,,,,Transversal/indefinido,contextual/editorial,Conhecimento | Consideração,média,avaliar consolidação conceitual
1214,Mulheres geral,Mulheres geral,mulheres geral,SBT,Entretenimento & Mídia,,perfil transversal,transversal,,,,B2C,demográfico/socioeconômico,Conhecimento,média,avaliar consolidação conceitual
1215,Homens geral,Homens geral,homens geral,SBT,Entretenimento & Mídia,,perfil transversal,transversal,,,,Transversal/indefinido,,Conhecimento,média,avaliar consolidação conceitual
1216,18-24,18-24,18-24,SBT,Entretenimento & Mídia,,perfil transversal,transversal,,,,Transversal/indefinido,,Conhecimento,média,avaliar consolidação conceitual
1217,25-34,25-34,25-34,SBT,Entretenimento & Mídia,,perfil transversal,transversal,,,,Transversal/indefinido,,Conhecimento,média,avaliar consolidação conceitual
1218,35-44,35-44,35-44,SBT,Entretenimento & Mídia,,perfil transversal,transversal,,,,Transversal/indefinido,,Conhecimento,média,avaliar consolidação conceitual
1219,45+,45+,45+,SBT,Entretenimento & Mídia,,perfil transversal,transversal,,,,Transversal/indefinido,,Conhecimento,média,avaliar consolidação conceitual
1220,Classe C DE predominante,Classe C DE predominante,classe c de predominante,SBT,Entretenimento & Mídia,,perfil transversal,transversal,,,,Transversal/indefinido,demográfico/socioeconômico,Conhecimento,alta,mapear
1221,Familias com filhos,Familias com filhos,familias com filhos,SBT,Entretenimento & Mídia,,perfil transversal,transversal,,,,B2C,demográfico/socioeconômico,Conhecimento,média,avaliar consolidação conceitual
1222,Adults 25-54,Adults 25-54,adults 25-54,SBT,Entretenimento & Mídia,,contexto/afinidade de conteúdo,transversal,,,,Transversal/indefinido,,,média,avaliar consolidação conceitual
1223,Torcedores Copa 2026,Torcedores Copa 2026,torcedores copa 2026,SBT,Entretenimento & Mídia,,contexto/afinidade de conteúdo,vertical,"Entretenimento, Conteúdo & Esportes",Esportes e futebol,,Transversal/indefinido,,,alta,mapear
1224,Usuarios mais SBT vs portal,Usuarios mais SBT vs portal,usuarios mais sbt vs portal,SBT,Entretenimento & Mídia,,contexto/afinidade de conteúdo,transversal,,,,Transversal/indefinido,,,média,mapear
1225,Heavy viewers entretenimento,Heavy viewers entretenimento,heavy viewers entretenimento,SBT,Entretenimento & Mídia,,contexto/afinidade de conteúdo,vertical,"Entretenimento, Conteúdo & Esportes",Outros / revisar,,Transversal/indefinido,consumo de conteúdo,Conhecimento | Consideração,média,mapear
1226,Fas Copa 2026,Fas Copa 2026,fas copa 2026,SBT,Entretenimento & Mídia,,contexto/afinidade de conteúdo,vertical,"Entretenimento, Conteúdo & Esportes",Esportes e futebol,,Transversal/indefinido,,,alta,mapear
1227,Consumidores YouTube SBT,Consumidores YouTube SBT,consumidores youtube sbt,SBT,Entretenimento & Mídia,,contexto/afinidade de conteúdo,transversal,,,,B2C,compra/consumo observado,Consideração | Conversão,média,mapear
1228,News jornalismo digital,News jornalismo digital,news jornalismo digital,SBT,Entretenimento & Mídia,,contexto/afinidade de conteúdo,transversal,,,,Transversal/indefinido,,,média,mapear
1229,Light viewers,Light viewers,light viewers,SBT,Entretenimento & Mídia,,contexto/afinidade de conteúdo,transversal,,,,Transversal/indefinido,consumo de conteúdo,Conhecimento | Consideração,média,mapear
1230,Migracao TV digital,Migracao TV digital,migracao tv digital,SBT,Entretenimento & Mídia,,contexto/afinidade de conteúdo,vertical,"Entretenimento, Conteúdo & Esportes","Cinema, séries e gêneros",,Transversal/indefinido,,,alta,mapear
1231,Horario nobre engajados,Horario nobre engajados,horario nobre engajados,SBT,Entretenimento & Mídia,,formato/inventário,transversal,,,,Transversal/indefinido,,Conhecimento,alta,mapear
1232,Retargeting,Retargeting,retargeting,SBT,Entretenimento & Mídia,,tática de ativação,transversal,,,,Transversal/indefinido,retargeting,Reengajamento,média,avaliar consolidação conceitual
1233,CRM Match DV360 TTD,CRM Match DV360 TTD,crm match dv360 ttd,SBT,Entretenimento & Mídia,,tática de ativação,transversal,,,,Transversal/indefinido,dados próprios/CRM,Fidelização/base própria,média,avaliar consolidação conceitual
1234,Lookalike,Lookalike,lookalike,SBT,Entretenimento & Mídia,,tática de ativação,transversal,,,,Transversal/indefinido,modelado/lookalike,,média,avaliar consolidação conceitual
1235,Lookalike Copa,Lookalike Copa,lookalike copa,SBT,Entretenimento & Mídia,,tática de ativação,transversal,,,"Entretenimento, Conteúdo & Esportes",Transversal/indefinido,modelado/lookalike,,alta,mapear
1236,Audiencia video YouTube cross,Audiencia video YouTube cross,audiencia video youtube cross,SBT,Entretenimento & Mídia,,contexto/afinidade de conteúdo,transversal,,,,Transversal/indefinido,,,média,mapear
1237,Mobile,Mobile,mobile,SBT,Entretenimento & Mídia,,formato/inventário,transversal,,,,Transversal/indefinido,,Conhecimento,média,avaliar consolidação conceitual
1238,Desktop,Desktop,desktop,SBT,Entretenimento & Mídia,,formato/inventário,transversal,,,,Transversal/indefinido,,Conhecimento,média,avaliar consolidação conceitual
1239,Smart TV mais SBT,Smart TV mais SBT,smart tv mais sbt,SBT,Entretenimento & Mídia,,formato/inventário,transversal,,,,Transversal/indefinido,,Conhecimento,alta,mapear
1240,YouTube instream,YouTube instream,youtube instream,SBT,Entretenimento & Mídia,,contexto/afinidade de conteúdo,transversal,,,,Transversal/indefinido,,,média,mapear
1241,Display 300x250,Display 300x250,display 300x250,SBT,Entretenimento & Mídia,,formato/inventário,transversal,,,,Transversal/indefinido,,Conhecimento,alta,mapear
1242,Video Pre-roll,Video Pre-roll,video pre-roll,SBT,Entretenimento & Mídia,,formato/inventário,transversal,,,,Transversal/indefinido,,Conhecimento,média,avaliar consolidação conceitual
1243,Native,Native,native,SBT,Entretenimento & Mídia,,contexto/afinidade de conteúdo,transversal,,,,Transversal/indefinido,,,média,avaliar consolidação conceitual
1244,Branded Content,Branded Content,branded content,SBT,Entretenimento & Mídia,,formato/inventário,transversal,,,,Transversal/indefinido,,Conhecimento,média,avaliar consolidação conceitual
1245,Copa 2026 pacote jogos,Copa 2026 pacote jogos,copa 2026 pacote jogos,SBT,Entretenimento & Mídia,,contexto/afinidade de conteúdo,vertical,"Entretenimento, Conteúdo & Esportes",Esportes e futebol,,Transversal/indefinido,,,alta,mapear
1246,Daypart noite nobre,Daypart noite nobre,daypart noite nobre,SBT,Entretenimento & Mídia,,formato/inventário,transversal,,,,Transversal/indefinido,,Conhecimento,alta,mapear
1247,Copa 2026 + Video + Homens,Copa 2026 + Video + Homens,copa 2026 + video + homens,SBT,Entretenimento & Mídia,,contexto/afinidade de conteúdo,vertical,"Entretenimento, Conteúdo & Esportes",Esportes e futebol,,Transversal/indefinido,,,alta,mapear
1248,Infantil + Mulheres manha,Infantil + Mulheres manha,infantil + mulheres manha,SBT,Entretenimento & Mídia,,contexto/afinidade de conteúdo,vertical,"Entretenimento, Conteúdo & Esportes",Conteúdo infantil e familiar,,B2C,demográfico/socioeconômico,,alta,mapear
1249,YouTube + Gen Z,YouTube + Gen Z,youtube + gen z,SBT,Entretenimento & Mídia,,contexto/afinidade de conteúdo,transversal,,,,Transversal/indefinido,demográfico/socioeconômico,,média,mapear
1250,Noticias + Desktop,Noticias + Desktop,noticias + desktop,SBT,Entretenimento & Mídia,,formato/inventário,transversal,,,"Entretenimento, Conteúdo & Esportes",Transversal/indefinido,contextual/editorial,Conhecimento | Consideração,alta,mapear
1251,Streaming + Smart TV,Streaming + Smart TV,streaming + smart tv,SBT,Entretenimento & Mídia,,formato/inventário,transversal,,,"Entretenimento, Conteúdo & Esportes",Transversal/indefinido,,Conhecimento,alta,mapear
1252,Entretenimento + Mulheres,Entretenimento + Mulheres,entretenimento + mulheres,SBT,Entretenimento & Mídia,,contexto/afinidade de conteúdo,vertical,"Entretenimento, Conteúdo & Esportes",Outros / revisar,,B2C,demográfico/socioeconômico,,média,mapear
1253,Retargeting + Pre-roll,Retargeting + Pre-roll,retargeting + pre-roll,SBT,Entretenimento & Mídia,,tática de ativação,transversal,,,,Transversal/indefinido,retargeting,Reengajamento,alta,mapear
1254,Lookalike novela,Lookalike novela,lookalike novela,SBT,Entretenimento & Mídia,,tática de ativação,transversal,,,"Entretenimento, Conteúdo & Esportes",Transversal/indefinido,modelado/lookalike,,alta,mapear
1255,Copa + Classe C,Copa + Classe C,copa + classe c,SBT,Entretenimento & Mídia,,contexto/afinidade de conteúdo,vertical,"Entretenimento, Conteúdo & Esportes",Esportes e futebol,,Transversal/indefinido,demográfico/socioeconômico,,alta,mapear
1256,Programas tops + Mobile,Programas tops + Mobile,programas tops + mobile,SBT,Entretenimento & Mídia,,formato/inventário,transversal,,,,Transversal/indefinido,,Conhecimento,alta,mapear
1517,Romance,Romance,romance,Netflix,Entretenimento & Mídia,,contexto/afinidade de conteúdo,vertical,"Entretenimento, Conteúdo & Esportes","Cinema, séries e gêneros",,Transversal/indefinido,,,média,avaliar consolidação conceitual
1518,Ficcao Cientifica e Fantasia,Ficcao Cientifica e Fantasia,ficcao cientifica e fantasia,Netflix,Entretenimento & Mídia,,contexto/afinidade de conteúdo,transversal,,,,Transversal/indefinido,,,média,mapear
1519,Suspense e Terror,Suspense e Terror,suspense e terror,Netflix,Entretenimento & Mídia,,contexto/afinidade de conteúdo,vertical,"Entretenimento, Conteúdo & Esportes","Cinema, séries e gêneros",,Transversal/indefinido,,,alta,mapear
1520,Realities e Variedades,Realities e Variedades,realities e variedades,Netflix,Entretenimento & Mídia,,contexto/afinidade de conteúdo,transversal,,,,Transversal/indefinido,,,média,mapear
1521,Alimentacao,Alimentacao,alimentacao,Netflix,Entretenimento & Mídia,,contexto/afinidade de conteúdo,vertical,"Entretenimento, Conteúdo & Esportes","Cinema, séries e gêneros",,Transversal/indefinido,,,alta,mapear
1522,Videogames,Videogames,videogames,Netflix,Entretenimento & Mídia,,contexto/afinidade de conteúdo,vertical,"Entretenimento, Conteúdo & Esportes",Games,,Transversal/indefinido,,,média,avaliar consolidação conceitual
1523,Casa e Construcao,Casa e Construcao,casa e construcao,Netflix,Entretenimento & Mídia,,contexto/afinidade de conteúdo,vertical,Imobiliário & Construção,"Construção, reforma e materiais",,Transversal/indefinido,,,alta,mapear
1524,Festas de Fim de Ano,Festas de Fim de Ano,festas de fim de ano,Netflix,Entretenimento & Mídia,,contexto/afinidade de conteúdo,transversal,,,,Transversal/indefinido,,,média,mapear
1525,Musica,Musica,musica,Netflix,Entretenimento & Mídia,,contexto/afinidade de conteúdo,vertical,"Entretenimento, Conteúdo & Esportes",Música e shows,,Transversal/indefinido,,,alta,mapear
1526,Viagens,Viagens,viagens,Netflix,Entretenimento & Mídia,,contexto/afinidade de conteúdo,vertical,Serviços ao Consumidor,Turismo e hospitalidade,,Transversal/indefinido,,,média,avaliar consolidação conceitual
1527,Bem-estar,Bem-estar,bem-estar,Netflix,Entretenimento & Mídia,,contexto/afinidade de conteúdo,vertical,"Saúde, Bem-estar & Beleza",Outros / revisar,,Transversal/indefinido,,,média,mapear
1528,Titulos para a Familia,Titulos para a Familia,titulos para a familia,Netflix,Entretenimento & Mídia,,contexto/afinidade de conteúdo,transversal,,,,B2C,demográfico/socioeconômico,,média,mapear
1529,Esportes,Esportes,esportes,Netflix,Entretenimento & Mídia,,contexto/afinidade de conteúdo,vertical,"Entretenimento, Conteúdo & Esportes",Esportes e futebol,,Transversal/indefinido,,,média,avaliar consolidação conceitual
1530,Animais e Bichos de Estimacao,Animais e Bichos de Estimacao,animais e bichos de estimacao,Netflix,Entretenimento & Mídia,,contexto/afinidade de conteúdo,vertical,"Entretenimento, Conteúdo & Esportes","Cinema, séries e gêneros",,Transversal/indefinido,,,alta,mapear
1531,Arte e Entretenimento,Arte e Entretenimento,arte e entretenimento,Netflix,Entretenimento & Mídia,,contexto/afinidade de conteúdo,vertical,"Entretenimento, Conteúdo & Esportes",Outros / revisar,,Transversal/indefinido,,,média,mapear
1532,Veiculos Automotivos,Veiculos Automotivos,veiculos automotivos,Netflix,Entretenimento & Mídia,,contexto/afinidade de conteúdo,vertical,"Automotivo, Mobilidade & Logística",Outros / revisar,,Transversal/indefinido,,,média,mapear
1533,Negocios e Industria,Negocios e Industria,negocios e industria,Netflix,Entretenimento & Mídia,,contexto/afinidade de conteúdo,vertical,"B2B, Enterprise & Indústria",Indústria e manufatura,,B2B,empresa/firmográfico,,alta,mapear
1534,Educacao,Educacao,educacao,Netflix,Entretenimento & Mídia,,contexto/afinidade de conteúdo,vertical,Educação & Carreira,Outros / revisar,"Entretenimento, Conteúdo & Esportes",Transversal/indefinido,,,média,avaliar consolidação conceitual
1535,Moda,Moda,moda,Netflix,Entretenimento & Mídia,,contexto/afinidade de conteúdo,vertical,Varejo & Consumo,"Moda, beleza e acessórios",,Transversal/indefinido,,,alta,mapear
1536,Alimentos e Bebidas,Alimentos e Bebidas,alimentos e bebidas,Netflix,Entretenimento & Mídia,,contexto/afinidade de conteúdo,vertical,Varejo & Consumo,"Alimentos, bebidas e gastronomia",,Transversal/indefinido,,,alta,mapear
1537,Videogames,Videogames,videogames,Netflix,Entretenimento & Mídia,,contexto/afinidade de conteúdo,vertical,"Entretenimento, Conteúdo & Esportes",Games,,Transversal/indefinido,,,média,avaliar consolidação conceitual
1538,Saude e Fitness,Saude e Fitness,saude e fitness,Netflix,Entretenimento & Mídia,,contexto/afinidade de conteúdo,vertical,"Saúde, Bem-estar & Beleza",Saúde e prevenção,,Transversal/indefinido,,,alta,mapear
1539,Historia e Cultura,Historia e Cultura,historia e cultura,Netflix,Entretenimento & Mídia,,contexto/afinidade de conteúdo,vertical,"Entretenimento, Conteúdo & Esportes",Outros / revisar,,Transversal/indefinido,,,média,mapear
1540,Festas e Comemoracoes,Festas e Comemoracoes,festas e comemoracoes,Netflix,Entretenimento & Mídia,,contexto/afinidade de conteúdo,vertical,Finanças & Seguros,Investimentos e patrimônio,,Transversal/indefinido,,,alta,mapear
1541,Casa e Jardim,Casa e Jardim,casa e jardim,Netflix,Entretenimento & Mídia,,contexto/afinidade de conteúdo,transversal,,,,Transversal/indefinido,,,média,mapear
1542,Fases da Vida,Fases da Vida,fases da vida,Netflix,Entretenimento & Mídia,,contexto/afinidade de conteúdo,transversal,,,,Transversal/indefinido,,,média,mapear
1543,Midia e Noticias,Midia e Noticias,midia e noticias,Netflix,Entretenimento & Mídia,,contexto/afinidade de conteúdo,vertical,"Entretenimento, Conteúdo & Esportes",Notícias e atualidades,,Transversal/indefinido,contextual/editorial,Conhecimento | Consideração,alta,mapear
1544,Ciencia e Tecnologia,Ciencia e Tecnologia,ciencia e tecnologia,Netflix,Entretenimento & Mídia,,contexto/afinidade de conteúdo,vertical,"B2B, Enterprise & Indústria",Tecnologia B2B,,Transversal/indefinido,,,alta,mapear
1545,Esportes,Esportes,esportes,Netflix,Entretenimento & Mídia,,contexto/afinidade de conteúdo,vertical,"Entretenimento, Conteúdo & Esportes",Esportes e futebol,,Transversal/indefinido,,,média,avaliar consolidação conceitual
1546,Viagens,Viagens,viagens,Netflix,Entretenimento & Mídia,,contexto/afinidade de conteúdo,vertical,Serviços ao Consumidor,Turismo e hospitalidade,,Transversal/indefinido,,,média,avaliar consolidação conceitual
1547,Celebridades,Celebridades,celebridades,Netflix,Entretenimento & Mídia,,contexto/afinidade de conteúdo,transversal,,,,Transversal/indefinido,demográfico/socioeconômico,,média,mapear
1548,Musica e Cancoes,Musica e Cancoes,musica e cancoes,Netflix,Entretenimento & Mídia,,contexto/afinidade de conteúdo,vertical,"Entretenimento, Conteúdo & Esportes",Música e shows,,Transversal/indefinido,,,alta,mapear
1549,Cultura Pop,Cultura Pop,cultura pop,Netflix,Entretenimento & Mídia,,contexto/afinidade de conteúdo,vertical,"Entretenimento, Conteúdo & Esportes",Música e shows,,Transversal/indefinido,,,alta,mapear
1550,Parentalidade,Parentalidade,parentalidade,Netflix,Entretenimento & Mídia,,contexto/afinidade de conteúdo,transversal,,,,Transversal/indefinido,demográfico/socioeconômico,,média,mapear
1551,Carreira e Trabalho,Carreira e Trabalho,carreira e trabalho,Netflix,Entretenimento & Mídia,,contexto/afinidade de conteúdo,vertical,Educação & Carreira,Carreira e emprego,,Transversal/indefinido,,,alta,mapear
1552,Universidade e Vida Adulta,Universidade e Vida Adulta,universidade e vida adulta,Netflix,Entretenimento & Mídia,,contexto/afinidade de conteúdo,vertical,Educação & Carreira,Graduação e pós-graduação,,Transversal/indefinido,demográfico/socioeconômico,,alta,mapear
1553,Economia e Financas,Economia e Financas,economia e financas,Netflix,Entretenimento & Mídia,,contexto/afinidade de conteúdo,vertical,Finanças & Seguros,Educação e conteúdo financeiro,,Transversal/indefinido,,,alta,mapear
1554,Meio Ambiente e Ecologia,Meio Ambiente e Ecologia,meio ambiente e ecologia,Netflix,Entretenimento & Mídia,,contexto/afinidade de conteúdo,transversal,,,,Transversal/indefinido,,,média,mapear
1555,Danca e Performance,Danca e Performance,danca e performance,Netflix,Entretenimento & Mídia,,contexto/afinidade de conteúdo,transversal,,,,Transversal/indefinido,,,média,mapear
1556,Stand Up e Comedia,Stand Up e Comedia,stand up e comedia,Netflix,Entretenimento & Mídia,,contexto/afinidade de conteúdo,vertical,"Entretenimento, Conteúdo & Esportes","Cinema, séries e gêneros",,Transversal/indefinido,,,alta,mapear
1557,Adrenalina,Adrenalina,adrenalina,Netflix,Entretenimento & Mídia,,contexto/afinidade de conteúdo,transversal,,,,Transversal/indefinido,,,média,mapear
1558,Escapar da Realidade,Escapar da Realidade,escapar da realidade,Netflix,Entretenimento & Mídia,,contexto/afinidade de conteúdo,transversal,,,,Transversal/indefinido,demográfico/socioeconômico,,média,mapear
1559,Rir,Rir,rir,Netflix,Entretenimento & Mídia,,contexto/afinidade de conteúdo,transversal,,,,Transversal/indefinido,,,média,mapear
1560,Aprender,Aprender,aprender,Netflix,Entretenimento & Mídia,,contexto/afinidade de conteúdo,transversal,,,,Transversal/indefinido,,,média,mapear
1561,Realismo,Realismo,realismo,Netflix,Entretenimento & Mídia,,contexto/afinidade de conteúdo,transversal,,,,Transversal/indefinido,,,média,mapear
1562,Romance,Romance,romance,Netflix,Entretenimento & Mídia,,contexto/afinidade de conteúdo,vertical,"Entretenimento, Conteúdo & Esportes","Cinema, séries e gêneros",,Transversal/indefinido,,,média,avaliar consolidação conceitual
1563,Sustos,Sustos,sustos,Netflix,Entretenimento & Mídia,,contexto/afinidade de conteúdo,transversal,,,,Transversal/indefinido,,,média,mapear
1564,Suspense,Suspense,suspense,Netflix,Entretenimento & Mídia,,contexto/afinidade de conteúdo,vertical,"Entretenimento, Conteúdo & Esportes","Cinema, séries e gêneros",,Transversal/indefinido,,,alta,mapear
1565,Relaxar,Relaxar,relaxar,Netflix,Entretenimento & Mídia,,contexto/afinidade de conteúdo,transversal,,,,Transversal/indefinido,,,média,mapear
1566,Mulheres (Geral),Mulheres (Geral),mulheres (geral),Netflix,Entretenimento & Mídia,,contexto/afinidade de conteúdo,transversal,,,,B2C,demográfico/socioeconômico,,média,avaliar consolidação conceitual
1567,Homens (Geral),Homens (Geral),homens (geral),Netflix,Entretenimento & Mídia,,contexto/afinidade de conteúdo,transversal,,,,Transversal/indefinido,,,média,avaliar consolidação conceitual
1568,18-24 anos (Young Adults),18-24 anos (Young Adults),18-24 anos (young adults),Netflix,Entretenimento & Mídia,,contexto/afinidade de conteúdo,transversal,,,,Transversal/indefinido,demográfico/socioeconômico,,média,mapear
1569,25-34 anos (Core Adults),25-34 anos (Core Adults),25-34 anos (core adults),Netflix,Entretenimento & Mídia,,contexto/afinidade de conteúdo,transversal,,,,Transversal/indefinido,demográfico/socioeconômico,,média,mapear
1570,35-44 anos,35-44 anos,35-44 anos,Netflix,Entretenimento & Mídia,,perfil transversal,transversal,,,,Transversal/indefinido,demográfico/socioeconômico,Conhecimento,média,avaliar consolidação conceitual
1571,45+ anos,45+ anos,45+ anos,Netflix,Entretenimento & Mídia,,contexto/afinidade de conteúdo,transversal,,,,Transversal/indefinido,demográfico/socioeconômico,,média,avaliar consolidação conceitual
1572,Mulheres 18-24,Mulheres 18-24,mulheres 18-24,Netflix,Entretenimento & Mídia,,contexto/afinidade de conteúdo,transversal,,,,B2C,demográfico/socioeconômico,,média,mapear
1573,Mulheres 25-34,Mulheres 25-34,mulheres 25-34,Netflix,Entretenimento & Mídia,,contexto/afinidade de conteúdo,transversal,,,,B2C,demográfico/socioeconômico,,média,mapear
