snapshot_at,slug,nome,categoria,tipo,alcance,viewability,investimento_minimo,descricao,formatos,segmentacoes,diferenciais
2026-09-15T15:45:58+00:00,99,99,Mobilidade,mobile,+20M usuários BR,86,R$ 8.000,App de transporte com penetração nacional. Complementa Uber no recorte de praça e classe.,"[{""nome"":""Splash Screen"",""chave"":""story-9x16"",""w"":1080,""h"":1920,""label"":""9:16"",""melhor_para"":""abertura"",""dispositivos"":[""mobile"",""app""]},{""nome"":""In-App Ads"",""chave"":""feed-1x1"",""w"":1080,""h"":1080,""label"":""In-app"",""melhor_para"":""durante a corrida"",""dispositivos"":[""mobile"",""app""]},{""nome"":""Cupom no app"",""chave"":""feed-1x1"",""w"":1080,""h"":1080,""label"":""Cupom"",""melhor_para"":""conversão"",""dispositivos"":[""mobile"",""app""]}]","[{""nome"":""Capitais"",""quando"":""complemento da Uber"",""exemplo"":""SP, RJ, BH, Recife""},{""nome"":""Classe e ticket"",""quando"":""cupom nativo"",""exemplo"":""Corrida econômica""},{""nome"":""Horário"",""quando"":""pico urbano"",""exemplo"":""Manhã e fim de expediente""},{""nome"":""Praça forte 99"",""quando"":""não empilhar com Uber"",""exemplo"":""Cidades onde a 99 lidera""}]","[""Forte nas capitais"",""Público complementar à Uber"",""Cupom nativo""]"
2026-09-15T15:45:58+00:00,amazon-music,Amazon Music,Streaming,audio,+8M ouvintes,97,R$ 20.000,Serviço de streaming da Amazon com integração ao ecossistema Prime e dispositivos Alexa.,"[{""nome"":""Audio Ads (spots em streaming)"",""chave"":""audio-bar"",""w"":728,""h"":90,""label"":""15s/30s"",""melhor_para"":""impacto em momentos de escuta em música e áudio premium no tier com anúncios do Amazon Music"",""dispositivos"":[""audio"",""mobile"",""desktop"",""tablet"",""ctv""]},{""nome"":""Podcast Audio Ads"",""chave"":""audio-bar"",""w"":728,""h"":90,""label"":""15s/30s"",""melhor_para"":""mensagens de marca em ambientes de podcast via inventário Amazon Music/Wondery/APD"",""dispositivos"":[""audio"",""mobile"",""desktop"",""tablet""]},{""nome"":""Programmatic 3P Audio (via Amazon DSP)"",""chave"":""audio-bar"",""w"":728,""h"":90,""label"":""Áudio"",""melhor_para"":""escala e frequência em ecossistema de streaming de áudio além do Amazon Music, em compra única"",""dispositivos"":[""audio"",""mobile"",""desktop"",""tablet"",""ctv""]},{""nome"":""Programmatic 3P Audio (APD/Twitch/Spotify/iHeart/SiriusXM)"",""chave"":""audio-bar"",""w"":728,""h"":90,""label"":""Áudio"",""melhor_para"":""escala e frequência em ecossistema de streaming de áudio além do Amazon Music, em compra única"",""dispositivos"":[""audio"",""mobile"",""desktop"",""tablet"",""ctv""]}]","[{""nome"":""Sinal de compra e comportamento em e-commerce Amazon"",""quando"":""campanhas focadas em conversão ou consideração para produtos vendidos na Amazon ou em categorias de varejo"",""exemplo"":""segmentar ouvintes expostos a categorias como eletrônicos, beleza ou supermercado com base em sinais 1st party da Amazon""},{""nome"":""Contexto de audição em música streaming"",""quando"":""posicionamento de marca alinhado a gêneros, moods ou playlists específicos no Amazon Music"",""exemplo"":""campanhas de bem-estar em playlists de relaxamento ou rotinas matinais, usando o tier com anúncios do Amazon Music como contexto de consumo""},{""nome"":""Dispositivo e ambiente (Echo, Fire TV, mobile, desktop)"",""quando"":""mensagens adaptadas ao ambiente de uso (casa, multitarefa, tela ligada ou só áudio)"",""exemplo"":""priorizar inventário em smart speakers Echo para mensagens de rotina doméstica, ou em Fire TV/CTV para campanhas que combinam áudio em telas conectadas""},{""nome"":""Momento de escuta e dia/horário"",""quando"":""campanhas que querem estar presentes em rotinas específicas como commuting, trabalho ou fim de semana"",""exemplo"":""otimizar entrega de spots em horários de pico de escuta, como início da manhã e fim de tarde""},{""nome"":""Segmentação por tipo de conteúdo (música vs. podcasts)"",""quando"":""definir se a mensagem é mais adequada para consumo rápido em música ou aprofundamento em podcasts"",""exemplo"":""usar standard audio para awareness em música e podcast audio ads para storytelling em programas específicos distribuídos via Amazon Music/Wondery""},{""nome"":""Cobertura omnicanal via Amazon DSP"",""quando"":""campanhas que integram áudio a outros formatos (display, vídeo) dentro do stack Amazon Ads"",""exemplo"":""usar audio ads em Amazon Music e 3P streaming combinados a display/vídeo na mesma estratégia de DSP, aplicando as mesmas audiências de Amazon Ads""}]","[""Integração com dados de compra Amazon"",""Ads interativos via Alexa"",""Audiência Prime com alto ticket médio"",""Cross-device com Echo e Fire TV""]"
2026-09-15T15:45:58+00:00,cnn-brasil,CNN Brasil,Portais,portal,+40M pageviews/mês,72,R$ 10.000,Portal de notícias da CNN Brasil com cobertura 24h. Jornalismo de qualidade e credibilidade.,"[{""nome"":""Display Ads"",""chave"":""iab-medium"",""w"":300,""h"":250,""label"":""300×250"",""melhor_para"":""cobertura em contexto noticioso no portal CNN Brasil"",""dispositivos"":[""desktop"",""mobile"",""tablet""]},{""nome"":""Video Pre-roll"",""chave"":""ctv-16x9"",""w"":1920,""h"":1080,""label"":""Pre-roll"",""melhor_para"":""campanhas em conteúdos de vídeo on-demand e notícias em vídeo no portal"",""dispositivos"":[""desktop"",""mobile"",""tablet""]},{""nome"":""Branded Content Portal"",""chave"":""linkedin-landscape"",""w"":1200,""h"":627,""label"":""1.91:1"",""melhor_para"":""projetos especiais com narrativa jornalística, séries, webséries e conteúdos patrocinados em verticais temáticas"",""dispositivos"":[""desktop"",""mobile"",""tablet""]},{""nome"":""Native Ads / Conteúdo Patrocinado"",""chave"":""iab-leaderboard"",""w"":728,""h"":90,""label"":""728×90"",""melhor_para"":""integração orgânica em listas, módulos de destaque e áreas de recomendação de conteúdo"",""dispositivos"":[""desktop"",""mobile"",""tablet""]},{""nome"":""Patrocínio de Seções / Verticais"",""chave"":""iab-medium"",""w"":300,""h"":250,""label"":""300×250"",""melhor_para"":""associação de marca a temas específicos como economia, tecnologia, política, esportes"",""dispositivos"":[""desktop"",""mobile"",""tablet""]},{""nome"":""Newsletter Ads"",""chave"":""iab-leaderboard"",""w"":728,""h"":90,""label"":""E-mail"",""melhor_para"":""relacionamento recorrente e segmentação de audiência que consome notícias por e-mail"",""dispositivos"":[""desktop"",""mobile""]},{""nome"":""Shoppable Video / Video Interativo"",""chave"":""iab-medium"",""w"":300,""h"":250,""label"":""300×250"",""melhor_para"":""campanhas de performance e branding com compra diretamente em vídeo"",""dispositivos"":[""desktop"",""mobile"",""ctv""]}]","[{""nome"":""Contexto de notícia e vertical temática"",""quando"":""campanhas alinhadas a temas específicos como política, economia, tecnologia, esportes ou soft news"",""exemplo"":""marca de tecnologia patrocina série de conteúdos em vertical de inovação e TI no portal, com presença em matérias e especiais.""},{""nome"":""Momento de consumo de notícias em tempo real"",""quando"":""ativação em períodos de alta audiência por breaking news, coberturas especiais e grandes eventos"",""exemplo"":""campanha de serviços financeiros com presença em home e módulos premium durante cobertura ao vivo de decisões econômicas.""},{""nome"":""Segmentação por perfil editorial do portal"",""quando"":""planejamento baseado na audiência qualificada que consome jornalismo de credibilidade"",""exemplo"":""marca premium associa sua comunicação à audiência de notícias de negócios e política, explorando seções de CNN Money e economia.""},{""nome"":""Projetos customizados 1st party (CNN LAB / branded content)"",""quando"":""quando o anunciante precisa de solução sob medida com storytelling e integração a talentos e programas"",""exemplo"":""websérie patrocinada produzida para o portal em parceria com marca de tecnologia, distribuída em hub de conteúdo e redes da CNN.""},{""nome"":""Posicionamento em home e espaços de destaque"",""quando"":""lançamentos, campanhas institucionais ou ações que demandam máxima visibilidade no portal"",""exemplo"":""takeover de home com display premium e módulos nativos em dia específico de campanha nacional.""},{""nome"":""Newsletter e audiência recorrente"",""quando"":""estratégias de frequência e relacionamento com leitores que recebem notícias por e-mail"",""exemplo"":""marca de educação anuncia em newsletter diária de notícias, com destaque em topo e área de recomendação de conteúdo.""},{""nome"":""Integração TV + Digital"",""quando"":""campanhas que combinam presença em TV por assinatura e extensão no portal"",""exemplo"":""patrocínio de quadro na programação da CNN Brasil com continuidade em hub de conteúdos, vídeos e matérias no portal.""},{""nome"":""Dados de navegação e comportamento em portal premium"",""quando"":""otimização de campanhas digitais com base em consumo de páginas, categorias e tipo de conteúdo"",""exemplo"":""segmentação de campanhas de display para usuários que acessam com frequência seções de economia e mercados.""}]","[""Credibilidade jornalística internacional"",""Audiência classe AB (65%)"",""Cobertura 24h de notícias"",""Integração TV + Digital""]"
2026-09-15T15:45:58+00:00,deezer,Deezer,Streaming,audio,+16M ouvintes,96,R$ 10.000,Plataforma de streaming musical com forte presença no Brasil e América Latina. Parceria exclusiva com operadoras de telecom.,"[{""nome"":""Audio Ads"",""chave"":""audio-bar"",""w"":728,""h"":90,""label"":""15s/30s"",""melhor_para"":""mensagem em momentos de escuta com atenção plena"",""dispositivos"":[""audio"",""mobile"",""desktop"",""tablet"",""app""]},{""nome"":""Display Banner"",""chave"":""iab-medium"",""w"":300,""h"":250,""label"":""300×250"",""melhor_para"":""reforço visual da campanha de áudio"",""dispositivos"":[""mobile"",""desktop"",""tablet"",""app""]},{""nome"":""Video / Pre-roll"",""chave"":""ctv-16x9"",""w"":1920,""h"":1080,""label"":""Pre-roll"",""melhor_para"":""impacto de marca no início da sessão de escuta"",""dispositivos"":[""mobile"",""desktop"",""tablet"",""app""]},{""nome"":""Sponsored Editorial Playlist"",""chave"":""audio-bar"",""w"":728,""h"":90,""label"":""15s/30s"",""melhor_para"":""associação de marca a playlists curadas de alta afinidade"",""dispositivos"":[""mobile"",""desktop"",""tablet"",""app""]},{""nome"":""Sponsored Session / Escuta Patrocinada"",""chave"":""audio-bar"",""w"":728,""h"":90,""label"":""15s/30s"",""melhor_para"":""gerar percepção de marca generosa oferecendo sessão sem anúncios"",""dispositivos"":[""audio"",""mobile"",""desktop"",""tablet"",""app""]},{""nome"":""Sponsored Track"",""chave"":""audio-bar"",""w"":728,""h"":90,""label"":""15s/30s"",""melhor_para"":""descoberta imediata e aumento de plays de conteúdo específico"",""dispositivos"":[""audio"",""mobile"",""desktop"",""tablet"",""app""]}]","[{""nome"":""Perfil Demográfico"",""quando"":""planejamento e setup de campanha"",""exemplo"":""segmentação por idade e gênero para ajustar criativos a públicos como jovens adultos ou famílias.""},{""nome"":""Geo por País, Região e Cidade"",""quando"":""ativação em mercados ou praças específicas"",""exemplo"":""campanhas focadas em Brasil, com recortes por estados ou grandes capitais para varejo e serviços locais.""},{""nome"":""Interesses Musicais e Afinidade de Gênero"",""quando"":""conteúdo e criação de playlists ou faixas patrocinadas"",""exemplo"":""direcionar anúncios para ouvintes de rock, sertanejo ou eletrônico de acordo com o posicionamento da marca.""},{""nome"":""Contexto de Playlist / Momento de Uso"",""quando"":""estratégias de momento da jornada"",""exemplo"":""ativar campanhas em playlists de treino, trabalho, relax ou festas para alinhar mensagem ao contexto de escuta.""},{""nome"":""Similaridade com Artistas / Conteúdo"",""quando"":""promoção de faixas patrocinadas ou colaborações"",""exemplo"":""boostar uma faixa de artista novo para usuários que escutam artistas semelhantes, aumentando afinidade e conversão.""},{""nome"":""Device Targeting"",""quando"":""definição de formato e criativo"",""exemplo"":""separar estratégias para usuários mobile versus desktop, ajustando duração, call to action e criativos.""},{""nome"":""Momento da Sessão de Escuta"",""quando"":""compra de formatos como pre-roll ou escuta patrocinada"",""exemplo"":""impactar o usuário no início da sessão com pre-roll em vídeo ou oferecer uma sessão sem anúncios após um spot de áudio.""},{""nome"":""First-party Audio Behaviour"",""quando"":""otimização contínua via plataforma parceira"",""exemplo"":""usar padrões de frequência de escuta, horários e tipos de conteúdo para refinar a entrega de campanhas ao longo do tempo.""}]","[""Parceria exclusiva com Vivo, Tim e Claro"",""Audiência com alto poder aquisitivo"",""Flow - algoritmo de recomendação proprietário"",""Forte presença em podcasts brasileiros""]"
2026-09-15T15:45:58+00:00,disney-plus,Disney+,Streaming,ctv,+15M assinantes BR,98,R$ 40.000,"Streaming premium da Disney com conteúdo Marvel, Star Wars, Pixar, National Geographic e Star.","[{""nome"":""Video Ads 15s/30s (pre-roll e mid-roll)"",""chave"":""ctv-16x9"",""w"":1920,""h"":1080,""label"":""16:9"",""melhor_para"":""campanhas em ambiente premium de streaming, em conteúdos on demand e ao vivo"",""dispositivos"":[""ctv""]},{""nome"":""Pause Ads"",""chave"":""iab-medium"",""w"":300,""h"":250,""label"":""300×250"",""melhor_para"":""presença de marca no momento em que o usuário pausa o conteúdo, sem interromper a experiência"",""dispositivos"":[""ctv""]},{""nome"":""Pause+ (Billboard / Trivia / Carousel dentro de Pause Ads)"",""chave"":""iab-medium"",""w"":300,""h"":250,""label"":""300×250"",""melhor_para"":""experiências interativas de marca durante a pausa, com unidades mais ricas (billboard, trivia, carrossel)"",""dispositivos"":[""ctv""]},{""nome"":""Gateway Go"",""chave"":""ctv-16x9"",""w"":1920,""h"":1080,""label"":""16:9"",""melhor_para"":""ações de performance ou consideração com oferta/lembrança que o usuário pode acionar via clique, QR code ou notificações"",""dispositivos"":[""ctv"",""mobile""]},{""nome"":""Ad Selector"",""chave"":""ctv-16x9"",""w"":1920,""h"":1080,""label"":""16:9"",""melhor_para"":""campanhas focadas em engajamento, permitindo ao usuário escolher qual criativo assistir"",""dispositivos"":[""ctv""]}]","[{""nome"":""Plano Disney+ Padrão com anúncios (assinantes ad-supported)"",""quando"":""ao comprar inventário em vídeo em conteúdos on demand de assinantes do plano com anúncios"",""exemplo"":""segmentar campanhas apenas para quem está no plano Padrão com anúncios, que exibe intervalos comerciais antes e durante a maioria dos filmes e séries.""},{""nome"":""Conteúdos ao vivo e eventos especiais"",""quando"":""em transmissões ao vivo, reprises e eventos especiais dentro do Disney+ que aceitam anúncios em todos os planos"",""exemplo"":""ativar campanhas em conteúdos ao vivo e eventos especiais, com inserções antes/depois da reprodução, patrocínios e placements.""},{""nome"":""Franquias e marcas de conteúdo Disney"",""quando"":""ao planejar campanhas associadas a universos como Marvel, Star Wars, Pixar, National Geographic e Star"",""exemplo"":""comprar pacotes ou posicionamentos em conteúdos de franquias específicas para reforço de afinidade com fãs de Marvel ou Star Wars.""},{""nome"":""Momento de pausa do conteúdo (Pause / Pause+)"",""quando"":""quando o usuário aciona o pause durante um filme ou série"",""exemplo"":""segmentar a entrega de Pause Ads ou Pause+ para impactar o usuário apenas quando ele pausa o conteúdo, aproveitando o momento de atenção estática.""},{""nome"":""Experiências interativas DXC (Gateway Go, Pause+, Ad Selector)"",""quando"":""ao usar formatos avançados que pedem ação do usuário (clique, escolha de criativo, interação com trivia/carrossel)"",""exemplo"":""ativar Gateway Go com ofertas clicáveis ou Ad Selector permitindo ao usuário escolher o filme ou criativo da marca que deseja ver.""},{""nome"":""Promoções e produtos Disney (owned media)"",""quando"":""em campanhas de cross-promo dentro dos próprios planos com ou sem anúncios"",""exemplo"":""usar espaços de promoções e patrocínios para divulgar outros produtos/serviços Disney dentro de Disney+.""}]","[""Conteúdo premium familiar"",""Franquias icônicas (Marvel, Star Wars)"",""Ambiente 100% brand safe"",""Audiência premium engajada""]"
2026-09-15T15:45:58+00:00,eletromidia,Eletromidia,DOOH,ooh,+30M impactos/dia,95,R$ 15.000,"Maior empresa de mídia OOH digital do Brasil. Presente em elevadores, metrôs, aeroportos, shoppings e mobiliário urbano.","[{""nome"":""Programática OOH"",""chave"":""iab-billboard"",""w"":970,""h"":250,""label"":""970×250"",""melhor_para"":""compra por praça, rede e formato com critérios de audiência"",""dispositivos"":[""ooh""]},{""nome"":""DOOH / inventário digital"",""chave"":""iab-billboard"",""w"":970,""h"":250,""label"":""DOOH"",""melhor_para"":""circuitos urbanos e ativações em telas digitais"",""dispositivos"":[""ooh""]},{""nome"":""Projetos especiais / campanhas customizadas"",""chave"":""iab-billboard"",""w"":970,""h"":250,""label"":""970×250"",""melhor_para"":""ações sob medida por circuito, praça ou contexto"",""dispositivos"":[""ooh""]},{""nome"":""DOOH"",""chave"":""iab-billboard"",""w"":970,""h"":250,""label"":""DOOH"",""melhor_para"":""circuito urbano"",""dispositivos"":[""ooh""]},{""nome"":""Takeover"",""chave"":""iab-billboard"",""w"":970,""h"":250,""label"":""970×250"",""melhor_para"":""estação e aeroporto"",""dispositivos"":[""ooh""]}]","[{""nome"":""Audiência"",""quando"":""quando a campanha precisa priorizar perfis de público e não apenas o ponto físico"",""exemplo"":""planejamento por critérios de audiência na operação programática""},{""nome"":""Contexto"",""quando"":""quando o anúncio depende do ambiente onde a pessoa está"",""exemplo"":""campanhas em varejo, transporte ou jornada urbana""},{""nome"":""Praça / geo"",""quando"":""quando a marca quer focar cidades, redes ou regiões específicas"",""exemplo"":""compra por praça, rede e formato na plataforma programática""},{""nome"":""Momento do dia / janela de campanha"",""quando"":""quando a marca quer impactar em horários ou períodos específicos"",""exemplo"":""ativação em janelas de campanha na mídia programática""},{""nome"":""Dados proprietários e externos"",""quando"":""quando a segmentação usa inteligência de dados combinada com sinais de audiência"",""exemplo"":""planejamento com dados proprietários e externos para identificar jornada diária""},{""nome"":""Território de interesse / contexto temático"",""quando"":""quando a campanha quer associar-se a ocasiões ou afinidades"",""exemplo"":""ativação em territórios como eventos musicais, futebol, esportes e varejo""}]","[""Maior inventário DOOH do Brasil"",""Presente em 25+ cidades"",""Audiência premium em elevadores classe AB"",""Integração programática com DSPs"",""Retargeting mobile cross-media""]"
2026-09-15T15:45:58+00:00,g1-globo,G1 / Globo.com,Portais,portal,+150M pageviews/mês,72,R$ 10.000,"O maior portal de notícias do Brasil, com cobertura nacional e regional. Referência em jornalismo digital.","[{""nome"":""Display"",""chave"":""iab-medium"",""w"":300,""h"":250,""label"":""300×250"",""melhor_para"":""cobertura nacional"",""dispositivos"":[""desktop"",""mobile""]},{""nome"":""Native Ads"",""chave"":""iab-leaderboard"",""w"":728,""h"":90,""label"":""728×90"",""melhor_para"":""leitura no feed"",""dispositivos"":[""desktop"",""mobile""]},{""nome"":""Takeover"",""chave"":""iab-billboard"",""w"":970,""h"":250,""label"":""970×250"",""melhor_para"":""home de impacto"",""dispositivos"":[""desktop""]},{""nome"":""Video Ads"",""chave"":""ctv-16x9"",""w"":1920,""h"":1080,""label"":""16:9"",""melhor_para"":""player de notícia"",""dispositivos"":[""desktop"",""mobile""]},{""nome"":""Branded Content"",""chave"":""linkedin-landscape"",""w"":1200,""h"":627,""label"":""1.91:1"",""melhor_para"":""reportagem patrocinada"",""dispositivos"":[""desktop"",""mobile""]}]","[{""nome"":""Regional / Geográfica"",""quando"":""Quando a ação precisa atingir estados, capitais ou regiões específicas"",""exemplo"":""Promoção de varejo focada apenas em São Paulo e cidades da região metropolitana""},{""nome"":""Contextual / Editorial"",""quando"":""Quando a marca quer associar sua mensagem a seções ou temas jornalísticos (ex.: economia, esporte, saúde)"",""exemplo"":""Instituição financeira divulgando conteúdo em páginas da seção Economia""},{""nome"":""Interesse / Temática"",""quando"":""Quando a campanha mira públicos por afinidade de interesse (tecnologia, lifestyle, automobilismo, etc.)"",""exemplo"":""Marca de eletrônicos anunciando para leitores frequentes de tecnologia""},{""nome"":""Demográfica"",""quando"":""Quando há foco em atributos como faixa etária, gênero ou perfil socioeconômico"",""exemplo"":""Lançamento de curso voltado a adultos jovens e profissionais em início de carreira""},{""nome"":""Dispositivo / Plataforma"",""quando"":""Quando criativos ou experiência são otimizados para mobile ou desktop"",""exemplo"":""Ofertas exclusivas via mobile app ou mobile web""},{""nome"":""Comportamental / Retargeting & CRM"",""quando"":""Quando se quer alcançar usuários que já interagiram com a marca ou site (retargeting) ou usar base própria de clientes"",""exemplo"":""Campanha de retargeting para visitantes que visualizaram páginas de produto recentemente""}]","[""Maior audiência de notícias do Brasil"",""Cobertura regional em todos os estados"",""Credibilidade jornalística"",""Formatos de alto impacto (Takeover)""]"
2026-09-15T15:45:58+00:00,ge-globo-esporte,GE (Globo Esporte),Portais,portal,+120M pageviews/mês,74,R$ 25.000,"O maior portal de esportes do Brasil, cobrindo futebol, olimpíadas, automobilismo e mais.","[{""nome"":""Mídia Display (banners)"",""chave"":""iab-medium"",""w"":300,""h"":250,""label"":""300×250"",""melhor_para"":""cobertura contínua em páginas de notícias, placares e editorias de clubes"",""dispositivos"":[""desktop"",""mobile""]},{""nome"":""Billboard / topo de página"",""chave"":""iab-medium"",""w"":300,""h"":250,""label"":""300×250"",""melhor_para"":""presença de impacto na home e em grandes coberturas (finais, clássicos, campeonatos)"",""dispositivos"":[""desktop""]},{""nome"":""Pré-roll em vídeo (Video Ad)"",""chave"":""iab-medium"",""w"":300,""h"":250,""label"":""300×250"",""melhor_para"":""lances, highlights, vídeos de análise e quadros em VOD"",""dispositivos"":[""desktop"",""mobile""]},{""nome"":""Conteúdo patrocinado / Branded Content"",""chave"":""linkedin-landscape"",""w"":1200,""h"":627,""label"":""1.91:1"",""melhor_para"":""histórias de marca, ativações de campeonatos, conteúdos especiais com alta contextualização esportiva"",""dispositivos"":[""desktop"",""mobile""]},{""nome"":""Patrocínio de editorias / seções"",""chave"":""iab-medium"",""w"":300,""h"":250,""label"":""300×250"",""melhor_para"":""domínio de temas específicos como futebol, tênis, esportes a motor e editorias regionais"",""dispositivos"":[""desktop"",""mobile""]},{""nome"":""Soluções multiplataforma GE / GE TV"",""chave"":""iab-medium"",""w"":300,""h"":250,""label"":""300×250"",""melhor_para"":""projetos 360º que integram portal ge, transmissões ao vivo, VOD, videocasts e redes sociais"",""dispositivos"":[""desktop"",""mobile"",""ctv"",""app""]}]","[{""nome"":""Torcedores por time de futebol"",""quando"":""campanhas associadas a clubes específicos em campeonatos nacionais e internacionais"",""exemplo"":""Campanha focada em páginas e conteúdos do ge sobre um clube da Série A durante o Brasileirão, explorando a comunidade de torcedores daquele time.[1][2]""},{""nome"":""Editorias de modalidades esportivas"",""quando"":""marcas que querem falar com fãs de esportes específicos além do futebol"",""exemplo"":""Ativação na editoria de tênis do ge, com formatos no portal, YouTube e Globoplay contextualizados ao circuito de tênis.[5]""},{""nome"":""Conteúdo ao vivo e pós-jogo"",""quando"":""momentos de pico de audiência em transmissões, lives, cortes e highlights"",""exemplo"":""Patrocínio de transmissões e conteúdos pós-corrida em Esportes a Motor, com presença em momentos de maior audiência.[14][3]""},{""nome"":""Esportes a motor"",""quando"":""campanhas ligadas a automobilismo e competições de alto desempenho"",""exemplo"":""Patrocínio de coberturas de Fórmula 1 com dashbanners fixos nas corridas e vídeos in-stream integrados à linha do tempo dos ídolos.[14]""},{""nome"":""Fantasy game Cartola (fãs de futebol altamente engajados)"",""quando"":""estratégias voltadas a usuários que acompanham jogos, escalações e estatísticas em tempo real"",""exemplo"":""Campanha no Cartola integrada ao ge, atingindo milhões de jogadores do maior fantasy game de futebol do Brasil.[1]""},{""nome"":""Social Globo + Creators (influenciadores de esporte)"",""quando"":""campanhas que precisam de engajamento em redes sociais com criadores do universo esportivo"",""exemplo"":""Ação com influenciadores conectada a conteúdos do ge e redes sociais para ampliar alcance em torcedores jovens.[1]""},{""nome"":""Contexto de grandes eventos esportivos"",""quando"":""períodos de torneios como Libertadores, campeonatos nacionais, ligas internacionais e olimpíadas"",""exemplo"":""Projeto GE 360º com presença em portal ge, GE TV e redes sociais durante fases decisivas da Libertadores.[3][2]""},{""nome"":""Editorias regionais e afiliadas"",""quando"":""marcas com foco em mercados locais ou regionais"",""exemplo"":""Patrocínio de página do ge de uma afiliada (como TV Vanguarda), com presença em home e vídeos regionais.[7][10]""}]","[""Maior audiência esportiva do Brasil"",""Cobertura de todos os campeonatos"",""Picos de audiência em jogos ao vivo"",""Segmentação por time de futebol""]"
2026-09-15T15:45:58+00:00,globoplay,Globoplay,Streaming,ctv,+25M assinantes,98,R$ 30.000,"Principal plataforma de streaming brasileira com conteúdo exclusivo Globo, novelas, séries e jornalismo.","[{""nome"":""Video Ads"",""chave"":""ctv-16x9"",""w"":1920,""h"":1080,""label"":""16:9"",""melhor_para"":""novela e jornal"",""dispositivos"":[""ctv"",""mobile""]},{""nome"":""Pre-roll"",""chave"":""ctv-16x9"",""w"":1920,""h"":1080,""label"":""Pre-roll"",""melhor_para"":""abertura de capítulo"",""dispositivos"":[""ctv"",""mobile""]},{""nome"":""Mid-roll"",""chave"":""ctv-16x9"",""w"":1920,""h"":1080,""label"":""Mid-roll"",""melhor_para"":""intervalo de jornal"",""dispositivos"":[""ctv""]}]","[{""nome"":""Novelas"",""quando"":""Lançamento de capítulos e episódios com alta retenção"",""exemplo"":""Veicular Video Ads ou Pre-roll alinhados à estreia de capítulos ou temporadas de novelas presentes na plataforma""},{""nome"":""Jornalismo e telejornais"",""quando"":""Blocos de notícias e coberturas jornalísticas de maior alcance"",""exemplo"":""Inserir Mid-roll ou Video Ads de curta duração durante intervalos de telejornais ou reportagens relevantes""},{""nome"":""Reality shows (ex.: BBB)"",""quando"":""Exibições semanais, recaps e conteúdos ao vivo relacionados ao reality"",""exemplo"":""Campanhas com Pre-roll e Pause Ads para aproveitar picos de audiência em episódios e conteúdos complementares""},{""nome"":""Eventos ao vivo"",""quando"":""Transmissões ao vivo (esportes, shows, eventos especiais)"",""exemplo"":""Utilizar Pre-roll e anúncios durante a transmissão ao vivo para alcance em tempo real e engajamento imediato""},{""nome"":""Audiência feminina"",""quando"":""Lançamentos de produtos/serviços com apelo principal ao público feminino"",""exemplo"":""Segmentação para público feminino (plataforma indica ~58% feminino) com criativos e mensagens otimizadas para esse perfil""},{""nome"":""CTV-first / tela grande"",""quando"":""Campanhas que priorizam experiência imersiva e storytelling em sala de estar"",""exemplo"":""Utilizar Video Ads 16:9 otimizados para CTV para maior impacto visual e recall de marca""}]","[""Conteúdo exclusivo brasileiro (novelas, BBB, séries)"",""Transmissão ao vivo de eventos"",""Integração com TV Globo"",""Audiência feminina forte (58%)""]"
2026-09-15T15:45:58+00:00,ifood,iFood,Mobilidade,mobile,+50M usuários BR,90,R$ 8.000,"App de delivery com o maior volume de pedidos do Brasil. Ideal para food, varejo e cupom no momento da fome.","[{""nome"":""Splash Screen"",""chave"":""story-9x16"",""w"":1080,""h"":1920,""label"":""9:16"",""melhor_para"":""abertura do pedido"",""dispositivos"":[""mobile"",""app""]},{""nome"":""In-App Ads"",""chave"":""feed-1x1"",""w"":1080,""h"":1080,""label"":""In-app"",""melhor_para"":""durante o fluxo"",""dispositivos"":[""mobile"",""app""]},{""nome"":""Push Notification"",""chave"":""iab-mobile"",""w"":320,""h"":50,""label"":""320×50"",""melhor_para"":""cupom e volta"",""dispositivos"":[""mobile"",""app""]}]","[{""nome"":""Momento da fome"",""quando"":""almoço e jantar"",""exemplo"":""11h–14h e 19h–22h""},{""nome"":""Ticket e categoria"",""quando"":""food vs mercado"",""exemplo"":""Pedido médio da praça""},{""nome"":""Praça e raio"",""quando"":""loja e dark kitchen"",""exemplo"":""3 km do PDV""},{""nome"":""Cupom no app"",""quando"":""conversão"",""exemplo"":""Primeira compra da semana""}]","[""Momento de fome e decisão de pedido"",""Público classe C forte"",""Cupom no app""]"
2026-09-15T15:45:58+00:00,infomoney,InfoMoney,Portais,portal,+40M pageviews/mês,72,R$ 15.000,Principal portal de finanças e investimentos do Brasil. Conteúdo para investidores e profissionais.,"[{""nome"":""Display Ads (retângulos, banners e formatos de impacto)"",""chave"":""iab-medium"",""w"":300,""h"":250,""label"":""300×250"",""melhor_para"":""campanhas de alcance e frequência em conteúdo de finanças e investimentos"",""dispositivos"":[""desktop"",""mobile"",""tablet"",""app""]},{""nome"":""Native Ads (conteúdo integrado e unidades responsivas)"",""chave"":""iab-leaderboard"",""w"":728,""h"":90,""label"":""728×90"",""melhor_para"":""posicionamento de marca em contexto editorial com leitura aprofundada"",""dispositivos"":[""desktop"",""mobile""]},{""nome"":""Branded Content / MoneyLab (projetos especiais)"",""chave"":""linkedin-landscape"",""w"":1200,""h"":627,""label"":""1.91:1"",""melhor_para"":""storytelling de marca, educação financeira e liderança de pensamento"",""dispositivos"":[""desktop"",""mobile"",""tablet"",""app""]},{""nome"":""Newsletter (anúncios e patrocínios)"",""chave"":""iab-leaderboard"",""w"":728,""h"":90,""label"":""E-mail"",""melhor_para"":""relacionamento recorrente com base de assinantes interessados em mercado financeiro"",""dispositivos"":[""desktop"",""mobile""]},{""nome"":""Webinars / programas de vídeo e eventos digitais"",""chave"":""ctv-16x9"",""w"":1920,""h"":1080,""label"":""Webinar"",""melhor_para"":""geração de leads qualificados e aprofundamento em temas financeiros com interação"",""dispositivos"":[""desktop"",""mobile""]},{""nome"":""Patrocínios de canal e homepage / fundos de página de alto impacto"",""chave"":""iab-medium"",""w"":300,""h"":250,""label"":""300×250"",""melhor_para"":""posicionamento institucional e presença dominante em ambientes-chave do portal"",""dispositivos"":[""desktop""]}]","[{""nome"":""Interesse em investimentos e mercado financeiro"",""quando"":""campanhas voltadas a investidores pessoa física e traders que consomem notícias de bolsa, renda fixa, fundos e câmbio"",""exemplo"":""segmentar formatos de display/native em páginas da editoria Mercados, renda variável e cobertura de empresas listadas[3][7].""},{""nome"":""Contexto de economia, negócios e gestão"",""quando"":""marcas B2B e de serviços corporativos que precisam falar com executivos, empreendedores e tomadores de decisão"",""exemplo"":""usar branded content e native em matérias de economia, gestão, carreira executiva e ambiente de negócios[3][11].""},{""nome"":""Perfil socioeconômico classe AB e profissionais de alta renda"",""quando"":""produtos financeiros, bens de maior ticket e serviços premium que exigem público com maior poder aquisitivo"",""exemplo"":""campanhas institucionais em homepage e projetos especiais que exploram audiência qualificada descrita em mídia kit (classe AB, homens de negócios, mulheres em liderança)[9][13].""},{""nome"":""Momento de mercado (pré-abertura, pregão e fechamento)"",""quando"":""mensagens conectadas a horários de maior consumo de notícias financeiras e decisões de investimento"",""exemplo"":""patrocinar newsletters e conteúdos que cobrem os acontecimentos antes da abertura do mercado e resumos após o fechamento[12].""},{""nome"":""Contexto de conteúdo educacional em finanças"",""quando"":""instituições financeiras e fintechs que querem educar novos investidores e melhorar conhecimento financeiro"",""exemplo"":""ativar projetos MoneyLab com séries explicativas sobre produtos financeiros, planejamento financeiro e investimentos para iniciantes[1][4][13].""},{""nome"":""Projetos especiais com dados e insights proprietários"",""quando"":""campanhas que precisam combinar conteúdo de marca com estudos, pesquisas ou dados sobre comportamento de consumo financeiro"",""exemplo"":""desenvolver especiais co-branded em parceria com área de projetos especiais do InfoMoney, integrando artigos, vídeos e landing pages para captação de leads[1][13].""},{""nome"":""Segmentação por canal temático (ex.: Mercados, Consumo, Carreira)"",""quando"":""anunciantes que querem adequar a mensagem ao tema específico mais próximo do seu produto"",""exemplo"":""veicular display/native em seções como Mercados para corretoras, Consumo para varejo e bens duráveis, e Carreira para cursos e MBAs[3][5][7].""},{""nome"":""Presença em homepage reformulada com destaque a branded content"",""quando"":""campanhas que priorizam máxima visibilidade em pontos de entrada do portal"",""exemplo"":""comprar posições premium na nova homepage que valorizam conteúdos de marca e formatos publicitários de maior impacto[7].""}]","[""Audiência 78% classe AB"",""Investidores e decisores financeiros"",""Alto ticket médio de produtos"",""Webinars com alta conversão""]"
2026-09-15T15:45:58+00:00,instagram,Instagram,Sociais,social,+120M usuários BR,92,R$ 3.000,"Plataforma visual líder em engajamento. Ideal para branding, awareness e conversão com formatos diversos.","[{""nome"":""Stories"",""chave"":""story-9x16"",""w"":1080,""h"":1920,""label"":""9:16"",""melhor_para"":""alcance diário"",""dispositivos"":[""mobile""]},{""nome"":""Reels"",""chave"":""story-9x16"",""w"":1080,""h"":1920,""label"":""9:16"",""melhor_para"":""descoberta"",""dispositivos"":[""mobile""]},{""nome"":""Feed Ads"",""chave"":""feed-1x1"",""w"":1080,""h"":1080,""label"":""1:1"",""melhor_para"":""consideração"",""dispositivos"":[""mobile""]},{""nome"":""Shopping"",""chave"":""feed-1x1"",""w"":1080,""h"":1080,""label"":""1:1"",""melhor_para"":""catálogo"",""dispositivos"":[""mobile""]}]","[{""nome"":""Demográfica"",""quando"":""quando precisa ajustar a mensagem por gênero, idade ou localização"",""exemplo"":""mulheres em determinada cidade""},{""nome"":""Interesses"",""quando"":""para campanhas de awareness e consideração que miram afinidades"",""exemplo"":""pessoas interessadas em moda, fitness ou tecnologia""},{""nome"":""Comportamento/Intenção de compra"",""quando"":""para ações de conversão onde intenção de compra é relevante"",""exemplo"":""usuários que demonstraram interesse em produtos similares""},{""nome"":""Remarketing"",""quando"":""para recuperar e converter quem já interagiu com a marca"",""exemplo"":""visitantes do site que não finalizaram compra""},{""nome"":""Públicos Semelhantes (Lookalike)"",""quando"":""para escalar campanhas a partir de clientes ou audiências de melhor desempenho"",""exemplo"":""público com comportamento similar aos compradores recentes""},{""nome"":""Engajamento com Conteúdo"",""quando"":""para nutrir audiência que já consome conteúdo e aumentar retenção"",""exemplo"":""usuários que engajaram com Reels, Stories ou publicações da conta""}]","[""Maior engajamento entre redes sociais"",""Reels para alcance orgânico amplificado"",""Shopping integrado para e-commerce"",""Audiência feminina forte (58%)""]"
2026-09-15T15:45:58+00:00,interativos,Interativos,Interativos,interativo,Add-on rich media em programática e portais,,,,"[{""nome"":""Cube"",""chave"":""iab-medium"",""w"":300,""h"":250,""label"":""300×250"",""melhor_para"":""storytelling, produto"",""dispositivos"":[""desktop"",""mobile""],""taxa"":""3-6%"",""tempo"":""15-30s"",""extra"":""4x vs display""},{""nome"":""Scratch"",""chave"":""iab-medium"",""w"":300,""h"":250,""label"":""300×250"",""melhor_para"":""cupom, gamificação"",""dispositivos"":[""desktop"",""mobile""],""taxa"":""5-10%"",""tempo"":""10-20s"",""extra"":""6x vs display""},{""nome"":""Hot Spots"",""chave"":""iab-medium"",""w"":300,""h"":250,""label"":""300×250"",""melhor_para"":""imóveis, decoração"",""dispositivos"":[""desktop"",""mobile""],""taxa"":""3-6%"",""tempo"":""15-30s""},{""nome"":""360° Viewer"",""chave"":""iab-medium"",""w"":300,""h"":250,""label"":""300×250"",""melhor_para"":""imóveis, turismo"",""dispositivos"":[""desktop"",""mobile""],""taxa"":""4-7%"",""tempo"":""20-40s"",""extra"":""5x vs display""},{""nome"":""Poll / Quiz"",""chave"":""iab-medium"",""w"":300,""h"":250,""label"":""300×250"",""melhor_para"":""first-party data"",""dispositivos"":[""desktop"",""mobile""],""taxa"":""6-12%"",""tempo"":""15-30s"",""extra"":""8x vs display""},{""nome"":""Countdown"",""chave"":""iab-medium"",""w"":300,""h"":250,""label"":""300×250"",""melhor_para"":""lançamentos"",""dispositivos"":[""desktop"",""mobile""],""taxa"":""2-4%"",""tempo"":""5-10s""},{""nome"":""Video Interactive"",""chave"":""ctv-16x9"",""w"":1920,""h"":1080,""label"":""16:9"",""melhor_para"":""demo"",""dispositivos"":[""ctv"",""mobile""],""taxa"":""4-8%"",""tempo"":""20-45s"",""extra"":""5x vs display""}]","[{""nome"":""Hot Spots e 360°"",""quando"":""imóvel e decoração"",""exemplo"":""Lançamento com planta""},{""nome"":""Poll / Quiz"",""quando"":""first-party data"",""exemplo"":""Pergunta no portal""},{""nome"":""Cube e Scratch"",""quando"":""produto e cupom"",""exemplo"":""Varejo no 300×250""},{""nome"":""Video Interactive"",""quando"":""demo em CTV ou mobile"",""exemplo"":""15–45s""}]","[""Hot Spots e 360° para imóveis"",""Poll/Quiz até 8x vs display""]"
2026-09-15T15:45:58+00:00,kwai,Kwai,Sociais,social,+60M usuários BR,90,R$ 5.000,Plataforma de vídeos curtos com forte penetração na classe C brasileira. Audiência complementar ao TikTok.,"[{""nome"":""In-feed"",""chave"":""feed-1x1"",""w"":1080,""h"":1080,""label"":""1:1"",""melhor_para"":""massa classe C"",""dispositivos"":[""mobile""]},{""nome"":""Splash"",""chave"":""story-9x16"",""w"":1080,""h"":1920,""label"":""9:16"",""melhor_para"":""abertura do app"",""dispositivos"":[""mobile""]}]","[{""nome"":""Classe socioeconômica"",""quando"":""Quando a campanha busca penetração em massa ou foco em perfis de menor renda."",""exemplo"":""Campanha de bens de consumo focada em classes C e D em áreas metropolitanas.""},{""nome"":""Idade e gênero"",""quando"":""Quando o produto/serviço tem apelo claro por faixa etária ou gênero."",""exemplo"":""Lançamento de produto jovem direcionado a 18–34 anos.""},{""nome"":""Geolocalização"",""quando"":""Para ações regionais, inaugurações físicas ou ofertas locais."",""exemplo"":""Promoção válida apenas em cidades do Nordeste ou em municípios selecionados.""},{""nome"":""Interesses e categorias de conteúdo"",""quando"":""Quando há afinidade temática entre o conteúdo consumido e a oferta."",""exemplo"":""Anúncio de delivery para usuários que consomem vídeos de culinária e food reviews.""},{""nome"":""Comportamento e engajamento"",""quando"":""Para otimizar conversão com usuários que já demonstraram interesse ou alta interação."",""exemplo"":""Retargeting para usuários que completaram visualizações de vídeos da marca ou interagiram com anúncios anteriores.""},{""nome"":""Audiência personalizada / Lookalike"",""quando"":""Quando se quer escalar encontrando perfis similares aos melhores clientes."",""exemplo"":""Upload de base CRM para retargeting e criação de lookalikes a partir dos clientes que mais convertem.""}]","[""Forte penetração classe C e D"",""Audiência complementar ao TikTok"",""Custo por impressão mais acessível"",""60M de usuários no Brasil"",""Forte no Norte e Nordeste""]"
2026-09-15T15:45:58+00:00,linkedin,LinkedIn,Sociais,social,+65M usuários BR,88,R$ 10.000,"A maior rede profissional do mundo. Ideal para B2B, recrutamento e thought leadership.","[{""nome"":""Sponsored Content (Single image / Carousel / Video / Document / Event / Thought Leader etc.)"",""chave"":""linkedin-landscape"",""w"":1200,""h"":627,""label"":""1.91:1"",""melhor_para"":""Awareness e consideração B2B no feed profissional; promoção de conteúdo, eventos, documentos e geração de leads via Lead Gen Forms"",""dispositivos"":[""desktop"",""mobile"",""tablet"",""app""]},{""nome"":""Sponsored Messaging (Message Ads e Conversation Ads)"",""chave"":""feed-4x5"",""w"":1080,""h"":1350,""label"":""Inbox"",""melhor_para"":""Contato direto 1:1 em inbox, nutrição de leads, convites para eventos, demos e ofertas B2B"",""dispositivos"":[""desktop"",""mobile"",""app""]},{""nome"":""Dynamic Ads (Follower Ads, Spotlight Ads, Jobs Ads)"",""chave"":""feed-1x1"",""w"":1080,""h"":1080,""label"":""1:1"",""melhor_para"":""Crescimento de seguidores de página, promoção de vagas e tráfego para site com criativos personalizados por perfil"",""dispositivos"":[""desktop""]},{""nome"":""Text Ads"",""chave"":""iab-leaderboard"",""w"":728,""h"":90,""label"":""Texto"",""melhor_para"":""Performance e tráfego B2B de baixo custo em inventário de sidebar/topo em desktop"",""dispositivos"":[""desktop""]},{""nome"":""Connected TV Ads"",""chave"":""feed-1x1"",""w"":1080,""h"":1080,""label"":""1:1"",""melhor_para"":""Awareness B2B em ambiente de TV conectada com segmentação profissional do LinkedIn"",""dispositivos"":[""ctv""]},{""nome"":""LinkedIn Audience Network (Single image / Carousel / Video fora do LinkedIn)"",""chave"":""feed-1x1"",""w"":1080,""h"":1080,""label"":""1:1"",""melhor_para"":""Extensão de alcance B2B em sites e apps de terceiros usando criativos de Sponsored Content"",""dispositivos"":[""mobile"",""desktop"",""tablet"",""app""]}]","[{""nome"":""Segmentação por cargo e função (job title / job function)"",""quando"":""Campanhas B2B que precisam alcançar decisores ou perfis específicos dentro de empresas (ex.: diretores de marketing, gerentes de TI)"",""exemplo"":""Impactar profissionais com cargo \""Head de Recursos Humanos\"" ou função \""Marketing\"" em empresas de médio e grande porte.""},{""nome"":""Segmentação por setor e indústria"",""quando"":""Campanhas focadas em segmentos como tecnologia, serviços financeiros, saúde, educação ou manufatura"",""exemplo"":""Veicular Sponsored Content apenas para usuários que atuam na indústria de \""Serviços Financeiros\"" e \""Software e TI\"".""},{""nome"":""Segmentação por empresa e account-based (company / ABM)"",""quando"":""Estratégias de Account-Based Marketing voltadas a listas específicas de contas-alvo"",""exemplo"":""Criar campanhas para atingir colaboradores de um conjunto de empresas estratégicas (ex.: bancos e grandes varejistas) com criativos personalizados.""},{""nome"":""Segmentação por nível de senioridade"",""quando"":""Quando o objetivo é falar com tomadores de decisão ou influenciadores em diferentes níveis hierárquicos"",""exemplo"":""Configurar campanhas para exibir anúncios apenas para profissionais com senioridade \""Manager\"", \""Director\"", \""VP\"" e \""CXO\"".""},{""nome"":""Segmentação por localização geográfica"",""quando"":""Campanhas focadas em regiões específicas do Brasil (cidades, estados ou regiões metropolitanas)"",""exemplo"":""Promover um evento presencial apenas para profissionais localizados em \""São Paulo\"" e \""Região Metropolitana do Rio de Janeiro\"".""},{""nome"":""Segmentação por interesses e grupos profissionais"",""quando"":""Comunicação baseada em temas (ex.: marketing digital, fintech, recursos humanos, engenharia) e participação em grupos relacionados"",""exemplo"":""Alcançar usuários interessados em \""transformação digital\"" e membros de grupos sobre \""Inovação em Serviços Financeiros\"".""},{""nome"":""Segmentação por habilidades (skills)"",""quando"":""Quando o critério principal é a competência profissional declarada no perfil"",""exemplo"":""Anunciar cursos de programação para membros que possuem habilidades como \""Python\"", \""Desenvolvimento Web\"" ou \""Machine Learning\"".""},{""nome"":""Segmentação por remarketing e listas próprias (1st party)"",""quando"":""Reengajar visitantes do site ou bases de CRM através do LinkedIn, integrando dados próprios do anunciante"",""exemplo"":""Criar audiências de visitantes do site do anunciante ou importar listas de emails corporativos para campanhas de Sponsored Content e Sponsored Messaging.""}]","[""Segmentação B2B mais precisa do mercado"",""Audiência de decisores (78% classe AB)"",""Lead Gen Forms nativos"",""Account-Based Marketing""]"
2026-09-15T15:45:58+00:00,logan,Logan,Mobilidade,ooh,Circuitos urbanos e trajetos,94,R$ 12.000,"Mídia em trajetos e circuitos urbanos. Use quando o cliente precisa de presença no caminho, não só na tela.","[{""nome"":""Mídia em veículo"",""chave"":""iab-billboard"",""w"":970,""h"":250,""label"":""970×250"",""melhor_para"":""trajeto"",""dispositivos"":[""ooh""]},{""nome"":""Circuitos urbanos"",""chave"":""iab-billboard"",""w"":970,""h"":250,""label"":""970×250"",""melhor_para"":""rota e cidade"",""dispositivos"":[""ooh""]},{""nome"":""DOOH mobile"",""chave"":""iab-billboard"",""w"":970,""h"":250,""label"":""DOOH"",""melhor_para"":""apoio digital"",""dispositivos"":[""ooh"",""mobile""]}]","[{""nome"":""Rota"",""quando"":""caminho casa–trabalho"",""exemplo"":""Corredor da cidade""},{""nome"":""Cidade e período"",""quando"":""circuito fechado"",""exemplo"":""2 semanas em SP""},{""nome"":""Complemento OOH"",""quando"":""já tem rua ou metrô"",""exemplo"":""Mesmo período da Eletromidia""},{""nome"":""Classe do trajeto"",""quando"":""AB vs massa"",""exemplo"":""Centro vs periferia""}]","[""Impacto no trajeto"",""Praça e rota sob medida"",""Complemento de campanha OOH""]"
2026-09-15T15:45:58+00:00,hbo-max,Max (HBO),Streaming,ctv,+10M assinantes BR,98,R$ 45.000,"Streaming premium com conteúdo HBO, Warner Bros, DC e Discovery. Séries aclamadas e filmes blockbuster.","[{""nome"":""Video Ads"",""chave"":""ctv-16x9"",""w"":1920,""h"":1080,""label"":""16:9"",""melhor_para"":""branding em streaming premium"",""dispositivos"":[""ctv""]},{""nome"":""Pre-roll"",""chave"":""ctv-16x9"",""w"":1920,""h"":1080,""label"":""Pre-roll"",""melhor_para"":""impacto de abertura"",""dispositivos"":[""ctv""]},{""nome"":""Mid-roll"",""chave"":""ctv-16x9"",""w"":1920,""h"":1080,""label"":""Mid-roll"",""melhor_para"":""captura de atenção durante consumo longo"",""dispositivos"":[""ctv""]},{""nome"":""Pause ads"",""chave"":""iab-medium"",""w"":300,""h"":250,""label"":""300×250"",""melhor_para"":""mensagem de alta lembrança em pausa"",""dispositivos"":[""ctv""]},{""nome"":""Takeover"",""chave"":""iab-billboard"",""w"":970,""h"":250,""label"":""970×250"",""melhor_para"":""domínio de um conteúdo/abertura do dia"",""dispositivos"":[""ctv""]},{""nome"":""Brand Block"",""chave"":""ctv-16x9"",""w"":1920,""h"":1080,""label"":""16:9"",""melhor_para"":""exclusividade em conteúdo"",""dispositivos"":[""ctv""]},{""nome"":""Sequential Ads"",""chave"":""ctv-16x9"",""w"":1920,""h"":1080,""label"":""16:9"",""melhor_para"":""narrativa sequencial em campanhas"",""dispositivos"":[""ctv""]}]","[{""nome"":""Brand safety por conteúdo premium"",""quando"":""quando a campanha precisa aparecer ao lado de séries e filmes premium"",""exemplo"":""inserção em conteúdo de alto valor de marca dentro do catálogo Max""},{""nome"":""Contexto de conteúdo em gêneros"",""quando"":""quando a compra usa afinidade editorial por gênero ou tema"",""exemplo"":""esportes, drama, infantil, documentários""},{""nome"":""Eventos ao vivo"",""quando"":""quando a campanha quer acompanhar transmissões live"",""exemplo"":""Paulistão com inserção dinâmica de anúncios""},{""nome"":""1st party do plano com anúncios"",""quando"":""quando a ativação considera somente inventário do plano Básico com anúncios"",""exemplo"":""entrega para assinantes do plano ad-supported""},{""nome"":""Frequência e controle de exposição"",""quando"":""quando a campanha exige limitação de repetição"",""exemplo"":""limite de frequência por marca""},{""nome"":""Segurança de marca"",""quando"":""quando a compra precisa de ambientes selecionados e qualificados"",""exemplo"":""associação a conteúdo selecionado de alta qualidade""}]","[""Séries premium (House of the Dragon, The Last of Us)"",""Conteúdo HBO aclamado pela crítica"",""Audiência premium e engajada"",""Ambiente brand safe""]"
2026-09-15T15:45:58+00:00,netflix,Netflix,Streaming,ctv,+20M assinantes BR,99,R$ 50.000,A maior plataforma de streaming de vídeo do mundo. Plano com anúncios oferece acesso a audiência premium em ambiente brand safe.,"[{""nome"":""Video Ads (pre-roll/mid-roll)"",""chave"":""ctv-16x9"",""w"":1920,""h"":1080,""label"":""16:9"",""melhor_para"":""video branding em conteúdos sob demanda"",""dispositivos"":[""ctv"",""mobile"",""desktop"",""tablet"",""app""]},{""nome"":""Pause Ads"",""chave"":""iab-medium"",""w"":300,""h"":250,""label"":""300×250"",""melhor_para"":""presença de marca em momentos de pausa do usuário"",""dispositivos"":[""ctv"",""mobile"",""desktop"",""tablet"",""app""]},{""nome"":""Pre-roll"",""chave"":""ctv-16x9"",""w"":1920,""h"":1080,""label"":""Pre-roll"",""melhor_para"":""abertura de sessão"",""dispositivos"":[""ctv""]}]","[{""nome"":""Rotativo (sem segmentação)"",""quando"":""campanha de cobertura ampla no plano com anúncios"",""exemplo"":""Inserção de vídeo ads distribuídos em diferentes títulos e gêneros, sem filtro adicional de conteúdo.[14]""},{""nome"":""Por gênero de conteúdo"",""quando"":""campanha alinhada ao contexto editorial"",""exemplo"":""Segmentação para exibir anúncios apenas em séries de comédia ou filmes de ação.[14]""},{""nome"":""Top 10 Netflix"",""quando"":""campanhas que priorizam títulos de maior audiência"",""exemplo"":""Compra de inventário em filmes e séries listados no Top 10 diário da Netflix.[14]""},{""nome"":""Primeira impressão do dia"",""quando"":""lançamentos e comunicações que buscam alto impacto na primeira sessão do usuário"",""exemplo"":""Garantir que o primeiro anúncio exibido ao usuário em seu dia na Netflix seja da marca da campanha.[14]""},{""nome"":""Interesse (Ads Suite, +100 opções)"",""quando"":""campanhas orientadas a perfis de audiência com base em comportamento de consumo"",""exemplo"":""Segmentar usuários com interesse em esportes, kids & family ou true crime usando a camada de dados da Netflix Ads Suite.[7][11]""},{""nome"":""Categorias de audiência (17 categorias)"",""quando"":""planejamento mais granular em clusters de conteúdo/consumo"",""exemplo"":""Comprar mídia em categorias como entretenimento jovem adulto ou lifestyle, conforme taxonomia da plataforma.[7]""},{""nome"":""Audiências 1st party (Amazon Audiences via programático)"",""quando"":""campanhas com compra programática que usam dados de terceiros integrados"",""exemplo"":""Usar audiências Amazon para orientar compras programáticas de inventário Netflix no Brasil e México.[6]""},{""nome"":""Momento de maratona (binge behavior)"",""quando"":""campanhas que consideram o comportamento de assistir vários episódios em sequência"",""exemplo"":""Ativar criativos específicos em blocos de anúncios antes dos três primeiros episódios de uma série, respeitando novos formatos binge ad anunciados pela Netflix.[15]""}]","[""Ambiente 100% brand safe - conteúdo curado"",""Audiência premium e engajada"",""Sem skip - completion rate de 97%"",""Targeting por títulos populares (Top 10)""]"
2026-09-15T15:45:58+00:00,paramount-plus,Paramount+,Streaming,ctv,+8M assinantes BR,97,R$ 25.000,"Streaming premium com conteúdo exclusivo da Paramount, MTV, Nickelodeon, Comedy Central e mais.","[{""nome"":""Pause Ads"",""chave"":""iab-medium"",""w"":300,""h"":250,""label"":""300×250"",""melhor_para"":""momentos de pausa no streaming em tela de TV"",""dispositivos"":[""ctv""]},{""nome"":""Pre-roll"",""chave"":""ctv-16x9"",""w"":1920,""h"":1080,""label"":""Pre-roll"",""melhor_para"":""abertura de conteúdo em streaming"",""dispositivos"":[""ctv""]},{""nome"":""Video Ads"",""chave"":""ctv-16x9"",""w"":1920,""h"":1080,""label"":""16:9"",""melhor_para"":""vídeo em conteúdo premium de streaming"",""dispositivos"":[""ctv""]},{""nome"":""Branded Content"",""chave"":""linkedin-landscape"",""w"":1200,""h"":627,""label"":""1.91:1"",""melhor_para"":""projetos customizados com conteúdo premium"",""dispositivos"":[""ctv""]}]","[{""nome"":""Esportes"",""quando"":""futebol e NFL"",""exemplo"":""Jogos e mesas""},{""nome"":""Filmes e franquias"",""quando"":""marca em conteúdo"",""exemplo"":""Cinema Paramount""},{""nome"":""Horário"",""quando"":""noite CTV"",""exemplo"":""Prime time""},{""nome"":""Praça"",""quando"":""teste BR"",""exemplo"":""Sudeste""}]","[""Conteúdo infantil premium (Nickelodeon)"",""Público jovem via MTV"",""Filmes em lançamento"",""Futebol - Champions League""]"
2026-09-15T15:45:58+00:00,podcast-ads,Podcast Ads (Rede),Streaming,audio,+40M ouvintes BR,95,R$ 10.000,"Publicidade em podcasts brasileiros via redes de podcast (Spotify, iHeartMedia, Podtag, etc.).","[{""nome"":""Audio ads"",""chave"":""audio-bar"",""w"":728,""h"":90,""label"":""15s/30s"",""melhor_para"":""alcance em podcasts via compra automatizada ou reservada"",""dispositivos"":[""audio"",""mobile"",""app"",""desktop"",""tablet""]},{""nome"":""Host-read / testemunhal"",""chave"":""audio-bar"",""w"":728,""h"":90,""label"":""Host-read"",""melhor_para"":""credibilidade do host e integração editorial"",""dispositivos"":[""audio"",""mobile"",""app""]},{""nome"":""Anúncio inserido dinamicamente"",""chave"":""audio-bar"",""w"":728,""h"":90,""label"":""15s/30s"",""melhor_para"":""escala com segmentação e substituição ao longo do tempo"",""dispositivos"":[""audio"",""mobile"",""app"",""desktop"",""tablet""]}]","[{""nome"":""Programa específico"",""quando"":""quando o anunciante quer comprar inventário de um podcast ou série específica"",""exemplo"":""compra local em programas originais e exclusivos no Brasil""},{""nome"":""Catálogo de originais e exclusivos"",""quando"":""quando a campanha quer cobertura dentro do ecossistema de podcasts do publisher"",""exemplo"":""inventário em podcasts originais e exclusivos do Spotify""},{""nome"":""Catálogo global de originais e exclusivos"",""quando"":""quando a marca quer alcançar ouvintes brasileiros consumindo podcasts fora do Brasil"",""exemplo"":""programas dos Estados Unidos, Reino Unido, México, Alemanha, Austrália e Suécia""},{""nome"":""Geografia"",""quando"":""quando a compra usa segmentação por localização no delivery dinâmico"",""exemplo"":""anúncios inseridos dinamicamente com base na região do ouvinte""},{""nome"":""Categoria / contexto editorial"",""quando"":""quando a marca busca aderência temática do programa"",""exemplo"":""podcasts de notícias, entretenimento ou cultura alinhados ao tema da campanha""},{""nome"":""Comportamento / audiência"",""quando"":""quando a compra usa dados de audiência e consumo para distribuição"",""exemplo"":""segmentação por comportamento de escuta em inserção dinâmica""}]","[""Host-read ads com alta credibilidade"",""92% completion rate"",""Audiência premium (68% classe AB)"",""Contexto temático preciso""]"
2026-09-15T15:45:58+00:00,prime-video,Prime Video,Streaming,ctv,+12M assinantes BR,97,R$ 35.000,"Streaming da Amazon com conteúdo original, filmes e séries. Integração com ecossistema Amazon.","[{""nome"":""Video Ads"",""chave"":""ctv-16x9"",""w"":1920,""h"":1080,""label"":""16:9"",""melhor_para"":""branding no Prime"",""dispositivos"":[""ctv"",""mobile""]},{""nome"":""Pre-roll"",""chave"":""ctv-16x9"",""w"":1920,""h"":1080,""label"":""Pre-roll"",""melhor_para"":""abertura de título"",""dispositivos"":[""ctv""]},{""nome"":""Pause Ads"",""chave"":""iab-medium"",""w"":300,""h"":250,""label"":""300×250"",""melhor_para"":""marca no intervalo"",""dispositivos"":[""ctv""]}]","[{""nome"":""Membros Prime"",""quando"":""Quando a campanha mira audiência engajada com maior propensão à compra e retenção."",""exemplo"":""Alvo: membros Prime que consomem séries originais e ofertas exclusivas.""},{""nome"":""Dados de compra Amazon"",""quando"":""Quando quiser alinhar criativos a comportamento de compra e intenção de compra clara."",""exemplo"":""Alvo: usuários que demonstraram interesse ou compraram categorias relacionadas ao produto anunciado.""},{""nome"":""Fãs de esportes / transmissões ao vivo"",""quando"":""Durante eventos esportivos ou para aproveitar alto engajamento em transmissões ao vivo."",""exemplo"":""Alvo: espectadores de transmissões como Thursday Night Football para promoções relacionadas a esportes.""},{""nome"":""Proprietários de Fire TV / cross-device"",""quando"":""Quando a estratégia exige alcance otimizado em TV conectada e mensuração cross-device."",""exemplo"":""Alvo: usuários com Fire TV para promover apps, serviços ou ofertas específicas para TV.""},{""nome"":""Contextual por gênero/conteúdo"",""quando"":""Quando a mensagem deve estar alinhada ao tipo de conteúdo assistido (série, filme, comédia)."",""exemplo"":""Alvo: espectadores de comédias para campanhas de marcas com tom leve e humorístico.""},{""nome"":""Demografia e perfil de renda"",""quando"":""Para campanhas de produtos/serviços premium ou segmentação por poder aquisitivo."",""exemplo"":""Alvo: públicos com perfil de maior poder aquisitivo para lançamentos de marca premium.""}]","[""Dados de compra Amazon integrados"",""Audiência Prime alto ticket"",""Thursday Night Football"",""Cross-device com Fire TV""]"
2026-09-15T15:45:58+00:00,r7,R7,Portais,portal,+80M pageviews/mês,68,R$ 10.000,Portal de notícias do Grupo Record com grande audiência nacional. Forte em entretenimento e notícias.,"[{""nome"":""Retângulo (300x250)"",""chave"":""iab-medium"",""w"":300,""h"":250,""label"":""300×250"",""melhor_para"":""cobertura em home e internas do portal"",""dispositivos"":[""desktop"",""mobile"",""tablet""]},{""nome"":""Billboard (970x250)"",""chave"":""iab-medium"",""w"":300,""h"":250,""label"":""300×250"",""melhor_para"":""impacto em áreas de topo"",""dispositivos"":[""desktop""]},{""nome"":""Super Banner / Stick Ad (728x90)"",""chave"":""iab-medium"",""w"":300,""h"":250,""label"":""300×250"",""melhor_para"":""visibilidade em topo de páginas e formato fixo"",""dispositivos"":[""desktop""]},{""nome"":""Banner Mobile (320x50)"",""chave"":""iab-medium"",""w"":300,""h"":250,""label"":""300×250"",""melhor_para"":""presença em navegação mobile"",""dispositivos"":[""mobile""]},{""nome"":""Native Advertising / Native com vídeo"",""chave"":""iab-leaderboard"",""w"":728,""h"":90,""label"":""728×90"",""melhor_para"":""integração com conteúdo editorial em páginas do portal"",""dispositivos"":[""desktop"",""mobile""]},{""nome"":""Half Page (300x600)"",""chave"":""iab-medium"",""w"":300,""h"":250,""label"":""300×250"",""melhor_para"":""impacto vertical em páginas de conteúdo"",""dispositivos"":[""desktop""]},{""nome"":""Galeria de Fotos"",""chave"":""iab-medium"",""w"":300,""h"":250,""label"":""300×250"",""melhor_para"":""presença em ambientes de galeria de imagens"",""dispositivos"":[""desktop""]},{""nome"":""Intervenção padrão (takeover de home)"",""chave"":""iab-billboard"",""w"":970,""h"":250,""label"":""970×250"",""melhor_para"":""takeover de homepage por período determinado"",""dispositivos"":[""desktop"",""mobile""]},{""nome"":""Conteúdo / Branded Content (R7 Estúdio)"",""chave"":""linkedin-landscape"",""w"":1200,""h"":627,""label"":""1.91:1"",""melhor_para"":""projetos especiais de conteúdo multimídia no portal e redes"",""dispositivos"":[""desktop"",""mobile""]},{""nome"":""Conteúdo / Branded Content (R7 Estúdio, conteúdos patrocinados)"",""chave"":""linkedin-landscape"",""w"":1200,""h"":627,""label"":""1.91:1"",""melhor_para"":""projetos especiais de conteúdo multimídia no portal e redes"",""dispositivos"":[""desktop"",""mobile""]}]","[{""nome"":""Contexto editorial de notícias"",""quando"":""campanhas que precisam estar associadas a conteúdo jornalístico nacional"",""exemplo"":""inserir display e native em seções de notícias gerais e política do portal R7.""},{""nome"":""Contexto de entretenimento"",""quando"":""marcas que querem aproveitar afinidade com conteúdos de entretenimento e celebridades"",""exemplo"":""usar formatos de display e branded content em editorias de entretenimento e áreas ligadas à Record TV.""},{""nome"":""Integração multiplataforma portal + redes sociais"",""quando"":""projetos que combinam presença no site e nas redes sociais do R7"",""exemplo"":""ativar conteúdo patrocinado no portal com posts de imagem, texto ou vídeo no Instagram e Facebook do R7.""},{""nome"":""Geo nacional com presença em parceiros"",""quando"":""campanhas que buscam alcance nacional aproveitando inventário próprio e de parceiros digitais"",""exemplo"":""comprar retângulo e outros formatos que rodam em home, internas e rede de parceiros do R7.""},{""nome"":""Projetos especiais de branded content"",""quando"":""campanhas que priorizam storytelling e formatos editoriais customizados"",""exemplo"":""desenvolver reportagem multimídia patrocinada via R7 Estúdio com distribuição em portal e redes.""},{""nome"":""Momentos de alta audiência na home"",""quando"":""lançamentos e ações de grande impacto que precisam dominar a homepage"",""exemplo"":""usar intervenção padrão/takeover da home por 24h em desktop e mobile.""},{""nome"":""Ambientes de vídeo e VOD"",""quando"":""marcas que desejam presença em player de vídeo e conteúdo sob demanda do ecossistema R7"",""exemplo"":""formatos de vídeo e conteúdo patrocinado em áreas de VOD e R7 TV, conforme tabelas de preços.""},{""nome"":""Conteúdo em redes sociais do R7"",""quando"":""campanhas que priorizam distribuição orgânica em perfis oficiais do R7"",""exemplo"":""posts patrocinados com menção à marca, hashtags e handshake com perfil do anunciante em Instagram e Facebook.""}]","[""Forte audiência em entretenimento"",""Integração com conteúdo Record TV"",""Bom custo-benefício"",""Audiência classe C expressiva""]"
2026-09-15T15:45:58+00:00,samsung-tv-plus,Samsung TV Plus,Streaming,ctv,+20M Smart TVs BR,97,R$ 20.000,"Streaming gratuito pré-instalado em mais de 20 milhões de Smart TVs Samsung no Brasil. Acesso direto à tela inicial — sem app, sem login.","[{""nome"":""Video Ads"",""chave"":""ctv-16x9"",""w"":1920,""h"":1080,""label"":""16:9"",""melhor_para"":""FAST sem assinatura"",""dispositivos"":[""ctv""]},{""nome"":""Pause Ads"",""chave"":""iab-medium"",""w"":300,""h"":250,""label"":""300×250"",""melhor_para"":""marca no canal FAST"",""dispositivos"":[""ctv""]}]","[{""nome"":""Socioeconômica"",""quando"":""Campanhas de posicionamento premium ou lançamento de produto com foco em alto poder aquisitivo"",""exemplo"":""Alvo em Classe A/B (audiência premium: 68% Classe A/B)""},{""nome"":""Geográfica"",""quando"":""Ativações regionais, promoções locais ou lançamento por mercado"",""exemplo"":""Segmentar por estado ou cidade — ex.: São Paulo capital""},{""nome"":""Por conteúdo / gênero"",""quando"":""Quando a mensagem precisa estar alinhada ao tipo de programa (esporte, notícias, entretenimento)"",""exemplo"":""Usuários que consomem canais de esporte para promoção de produtos relacionados a fitness""},{""nome"":""Comportamental (ACR)"",""quando"":""Campanhas orientadas a intenção ou afinidade usando sinais de ACR"",""exemplo"":""Público com sinais de interesse em automóveis identificado via dados ACR""},{""nome"":""Tela inicial / descoberta"",""quando"":""Lançamentos e campanhas de awareness que se beneficiam de alta visibilidade imediata"",""exemplo"":""Home Screen Takeover para promover nova série ou produto no primeiro ponto de contato""},{""nome"":""Dayparting (horário)"",""quando"":""Otimização de entrega para horários com maior engajamento do público-alvo"",""exemplo"":""Exibir criativos focados em família no horário nobre (ex.: 20h–23h)""}]","[""Acesso à tela inicial — primeiro ponto de contato ao ligar a TV"",""Audiência premium: 68% classe A/B"",""Dados exclusivos de ACR"",""Sem necessidade de app ou login"",""Samsung é líder de mercado de TVs no Brasil (34%)"",""Mensuração cross-device""]"
2026-09-15T15:45:58+00:00,sbt,SBT,Portais,portal,+60M pageviews/mês,72,R$ 10.000,"Segunda maior emissora do Brasil com portal digital, streaming gratuito (+SBT) e SBT News 24h. Transmitirá 32 jogos da Copa do Mundo 2026.","[{""nome"":""Display Ads"",""chave"":""iab-medium"",""w"":300,""h"":250,""label"":""300×250"",""melhor_para"":""cobertura ampla em conteúdo de notícias, entretenimento e esportes no portal e ambiente digital do SBT"",""dispositivos"":[""desktop"",""mobile"",""tablet""]},{""nome"":""Video Ads / Pre-roll"",""chave"":""ctv-16x9"",""w"":1920,""h"":1080,""label"":""16:9"",""melhor_para"":""campanhas em vídeo em conteúdo de notícias e entretenimento, incluindo streaming +SBT e SBT News"",""dispositivos"":[""desktop"",""mobile"",""ctv"",""app""]},{""nome"":""Native Ads"",""chave"":""iab-leaderboard"",""w"":728,""h"":90,""label"":""728×90"",""melhor_para"":""mensagens de marca integradas a conteúdo editorial de notícias e entretenimento"",""dispositivos"":[""desktop"",""mobile"",""tablet""]},{""nome"":""Branded Content"",""chave"":""linkedin-landscape"",""w"":1200,""h"":627,""label"":""1.91:1"",""melhor_para"":""projetos especiais com integração de marca em conteúdos e programas do SBT em ambiente digital"",""dispositivos"":[""desktop"",""mobile"",""ctv"",""app""]},{""nome"":""Projetos Copa 2026 (digital)"",""chave"":""iab-medium"",""w"":300,""h"":250,""label"":""300×250"",""melhor_para"":""campanhas de grande alcance associadas à transmissão e cobertura digital da Copa do Mundo 2026"",""dispositivos"":[""desktop"",""mobile"",""ctv"",""app""]},{""nome"":""Display Ads (banners no portal SBT / SBT News)"",""chave"":""iab-medium"",""w"":300,""h"":250,""label"":""300×250"",""melhor_para"":""cobertura ampla em conteúdo de notícias, entretenimento e esportes no portal e ambiente digital do SBT"",""dispositivos"":[""desktop"",""mobile"",""tablet""]},{""nome"":""Video Ads / Pre-roll em player de vídeo"",""chave"":""ctv-16x9"",""w"":1920,""h"":1080,""label"":""16:9"",""melhor_para"":""campanhas em vídeo em conteúdo de notícias e entretenimento, incluindo streaming +SBT e SBT News"",""dispositivos"":[""desktop"",""mobile"",""ctv"",""app""]},{""nome"":""Native Ads / Conteúdo patrocinado em portal"",""chave"":""iab-leaderboard"",""w"":728,""h"":90,""label"":""728×90"",""melhor_para"":""mensagens de marca integradas a conteúdo editorial de notícias e entretenimento"",""dispositivos"":[""desktop"",""mobile"",""tablet""]},{""nome"":""Branded Content digital"",""chave"":""linkedin-landscape"",""w"":1200,""h"":627,""label"":""1.91:1"",""melhor_para"":""projetos especiais com integração de marca em conteúdos e programas do SBT em ambiente digital"",""dispositivos"":[""desktop"",""mobile"",""ctv"",""app""]},{""nome"":""Projetos especiais ligados à Copa do Mundo 2026 (digital)"",""chave"":""iab-medium"",""w"":300,""h"":250,""label"":""300×250"",""melhor_para"":""campanhas de grande alcance associadas à transmissão e cobertura digital da Copa do Mundo 2026"",""dispositivos"":[""desktop"",""mobile"",""ctv"",""app""]}]","[{""nome"":""Contexto de notícias (SBT News digital)"",""quando"":""campanhas que precisam estar associadas a conteúdo jornalístico e cobertura em tempo real"",""exemplo"":""Inserir vídeos pre-roll e banners em páginas e vídeos de SBT News com foco em política, economia e cotidiano""},{""nome"":""Entretenimento e programas do SBT em ambiente digital"",""quando"":""marcas que querem se conectar com conteúdo de variedades, auditório e novelas em plataformas digitais"",""exemplo"":""Branded content e vídeos digitais integrados a programas como Domingo Legal ou Eliana, distribuídos em portal, +SBT e canais digitais""},{""nome"":""Momento esportivo — Copa do Mundo 2026"",""quando"":""campanhas atreladas à alta atenção durante jogos e cobertura da Copa em propriedades digitais do SBT"",""exemplo"":""Pacotes com pre-roll, display e conteúdo patrocinado sincronizados aos 32 jogos em TV aberta e ambientes digitais""},{""nome"":""Audiência migrada da TV aberta para digital"",""quando"":""anunciantes que querem reaproveitar a força da marca SBT e sua base de TV no ambiente online"",""exemplo"":""Planejar campanhas em vídeo digital + display em SBT News e +SBT como extensão de planos de TV""},{""nome"":""Ambiente de streaming gratuito (+SBT)"",""quando"":""marcas que querem presença em consumo on demand e linear via internet sem barreira de assinatura"",""exemplo"":""Inserir vídeo ads e projetos especiais em conteúdos do +SBT, alcançando usuários em smart TVs, apps e browsers""},{""nome"":""Dispositivos conectados (CTV e smart TVs)"",""quando"":""campanhas focadas em experiência de tela grande em conteúdo digital do SBT"",""exemplo"":""Veiculação de vídeo ads antes de conteúdos de SBT News e +SBT em smart TVs, atingindo consumo de TV conectada""},{""nome"":""Projetos especiais interativos e formatos diferenciados"",""quando"":""campanhas que buscam formatos além de spots tradicionais, com maior engajamento"",""exemplo"":""Ações com pop-ups interativos, menções em conteúdo digital e ativações customizadas junto a propriedades do SBT""},{""nome"":""Momento esportivo Copa do Mundo 2026"",""quando"":""campanhas atreladas à alta atenção durante jogos e cobertura da Copa em propriedades digitais do SBT"",""exemplo"":""Pacotes com pre-roll, display e conteúdo patrocinado em áreas especiais da Copa no portal, apps e streaming, sincronizados aos 32 jogos em TV aberta.""}]","[""Copa do Mundo 2026: 32 jogos na TV aberta + digital"",""Streaming gratuito +SBT: sem barreira de assinatura"",""SBT News 24h: 162M views/mês no YouTube"",""Audiência massiva migrada da TV aberta""]"
2026-09-15T15:45:58+00:00,experian-portal,Serasa,Portais,portal,+35M visitas/mês,85,R$ 10.000,"Inventário de mídia premium no ecossistema Serasa: portal com +35M de visitas/mês, app com +30M de downloads, Feirão Limpa Nome e landing pages co-branded.","[{""nome"":""Display"",""chave"":""iab-medium"",""w"":300,""h"":250,""label"":""300×250"",""melhor_para"":""intenção no portal"",""dispositivos"":[""desktop"",""mobile""]},{""nome"":""Native Ads"",""chave"":""iab-leaderboard"",""w"":728,""h"":90,""label"":""728×90"",""melhor_para"":""conteúdo de crédito"",""dispositivos"":[""desktop"",""mobile""]}]","[{""nome"":""Score de crédito"",""quando"":""campanhas de aquisição ou oferta de crédito"",""exemplo"":""Ofertas de empréstimo ou cartão direcionadas a usuários por faixa de score via app/portal""},{""nome"":""Inadimplentes / Renegociação"",""quando"":""ações de recuperação de crédito e eventos especiais"",""exemplo"":""Comunicação para usuários com restrição cadastral antes/durante o Feirão Limpa Nome""},{""nome"":""Intenção de produto financeiro"",""quando"":""campanhas de conversão (meio/fundo de funil)"",""exemplo"":""Usuários que consultaram simuladores ou conteúdos sobre crédito e financiamento""},{""nome"":""Engajamento no app"",""quando"":""promoções por push ou retenção"",""exemplo"":""Push segmentado para usuários ativos do app com histórico de interação em produtos financeiros""},{""nome"":""E-mail marketing segmentado"",""quando"":""ativação direta e remarketing"",""exemplo"":""Sequência de e-mails para leads qualificados com proposta customizada de crédito""},{""nome"":""Segmentação geográfica e demográfica"",""quando"":""campanhas regionais ou por perfil socioeconômico"",""exemplo"":""Promoção local para ofertas de serviços financeiros em determinadas cidades ou perfis etários""}]","[""Portal Serasa: +35M visitas/mês com audiência financeiramente engajada"",""App Serasa: +30M downloads, push segmentado por score"",""Imóveis RJ, score 500+, classe ABC, 30 dias: ECS 190.970 / Meta 1.514.181 / TikTok 58.035"",""Automotivo RJ, score 500+, ABC: ECS 426.770 / Meta 4.061.559 / TikTok 102.218"",""Viajantes RJ, score 500+, ABC: ECS 502.190 / Meta 1.211.725 / TikTok 40.296"",""Nação do Futebol RJ: ECS 253.591 / Meta 1.423.062 / TikTok 71.435""]"
2026-09-15T15:45:58+00:00,experian-dmp,Serasa Data (DMP),Dados,data,+200M perfis,,R$ 10.000,A maior base de dados financeiros do Brasil com +200M de perfis. Audiências first-party exclusivas para ativação em qualquer DSP.,"[{""nome"":""Custom segments"",""chave"":""iab-leaderboard"",""w"":728,""h"":90,""label"":""Segmento"",""melhor_para"":""ativar em mídia"",""dispositivos"":[""desktop"",""mobile"",""ctv""]},{""nome"":""Lookalike"",""chave"":""iab-leaderboard"",""w"":728,""h"":90,""label"":""Lookalike"",""melhor_para"":""escala da base"",""dispositivos"":[""desktop"",""mobile""]},{""nome"":""Data enrichment"",""chave"":""iab-leaderboard"",""w"":728,""h"":90,""label"":""CRM match"",""melhor_para"":""CRM match"",""dispositivos"":[""desktop""]}]","[{""nome"":""Audiências Digitais Serasa"",""quando"":""Quando o anunciante precisa ativar campanhas em DSPs e redes sociais usando audiências prontas e exclusivas baseadas em dados demográficos, financeiros e comportamentais."",""exemplo"":""Campanhas de aquisição segmentando consumidores com maior propensão a contratar cartão de crédito ou empréstimo, ativadas diretamente em gerenciadores de anúncios.[1][3][8][11]""},{""nome"":""Modelos de Afinidade e Propensão à Compra"",""quando"":""Quando o objetivo é encontrar pessoas com maior probabilidade de comprar determinado produto ou serviço, usando modelos preditivos."",""exemplo"":""Segmentos de alta propensão a contratar serviços financeiros específicos (ex.: financiamento de veículos), otimizando a conversão das campanhas.[1][2]""},{""nome"":""Clone / Lookalike de Base Própria"",""quando"":""Quando o anunciante quer escalar um público que já funciona bem, criando audiências semelhantes a uma base de referência (clientes ou leads)."",""exemplo"":""A partir da base de clientes com bom histórico de crédito, gerar um público semelhante para prospecção em mídia programática.[1][10]""},{""nome"":""Segmentação Financeira e de Risco de Crédito"",""quando"":""Quando é necessário recortar a audiência por atributos financeiros e de crédito para adequar oferta, risco e mensagem."",""exemplo"":""Campanhas diferenciadas para perfis com maior capacidade de pagamento versus perfis em momento de renegociação ou inadimplência, usando atributos financeiros agregados.[6][7][13]""},{""nome"":""Segmentação Sociodemográfica"",""quando"":""Quando a estratégia exige recortes clássicos de perfil (idade, estado civil, classe social, etc.) combinados com outras variáveis."",""exemplo"":""Campanha focada em adultos de determinada faixa etária e classe social, em grandes centros urbanos, com maior potencial de consumo de serviços recorrentes.[8][7]""},{""nome"":""Audiências Cookieless"",""quando"":""Quando o anunciante precisa de segmentação independente de cookies de terceiros, mantendo alcance em ambientes com restrição de rastreamento."",""exemplo"":""Campanhas em ambientes com menor disponibilidade de cookies third party, usando audiências baseadas em dados proprietários e identificadores alternativos.[8]""},{""nome"":""Clusters Comportamentais / Mosaic"",""quando"":""Quando se deseja trabalhar com clusters comportamentais ou tipologias de consumo, em vez de apenas filtros individuais."",""exemplo"":""Uso de segmentações como Mosaic ou estudos de clusterização da população para falar com grupos com padrões específicos de comportamento financeiro e de consumo.[8][11][13]""},{""nome"":""Segmentação B2B por Empresa / CNAE"",""quando"":""Quando o foco é comunicação B2B, falando com sócios e decisores de empresas a partir de atributos empresariais."",""exemplo"":""Campanhas para empresas de determinado segmento de atuação (CNAE) e porte, direcionadas a sócios cadastrados, em ações de crédito PJ ou soluções de gestão.[8][13]""}]","[""Maior base de dados financeiros do Brasil (+200M perfis)"",""Score de crédito exclusivo para segmentação"",""Imóveis RJ, score 500+, classe ABC, 30 dias: ECS 190.970 / Meta 1.514.181 / TikTok 58.035"",""Automotivo RJ, score 500+, ABC: ECS 426.770 / Meta 4.061.559 / TikTok 102.218"",""Viajantes RJ, score 500+, ABC: ECS 502.190 / Meta 1.211.725 / TikTok 40.296"",""Nação do Futebol RJ: ECS 253.591 / Meta 1.423.062 / TikTok 71.435""]"
2026-09-15T15:45:58+00:00,spotify,Spotify,Streaming,audio,+50M ouvintes,98,R$ 15.000,"A maior plataforma de streaming de áudio do mundo, com mais de 50 milhões de ouvintes no Brasil. Ideal para campanhas de awareness e branding com alta taxa de completion.","[{""nome"":""Audio Ads (Music & Podcasts / Audio Everywhere)"",""chave"":""audio-bar"",""w"":728,""h"":90,""label"":""15s/30s"",""melhor_para"":""cobertura em escala em música e podcasts com presença constante de marca entre faixas de áudio"",""dispositivos"":[""audio"",""mobile"",""desktop"",""tablet"",""app""]},{""nome"":""Video Ads (Video Takeover / Mobile Overlay)"",""chave"":""iab-billboard"",""w"":970,""h"":250,""label"":""970×250"",""melhor_para"":""impacto visual com som ligado em momentos de tela ativa dentro do app"",""dispositivos"":[""mobile"",""desktop"",""tablet"",""app""]},{""nome"":""Sponsored Session"",""chave"":""audio-bar"",""w"":728,""h"":90,""label"":""15s/30s"",""melhor_para"":""troca clara de valor para brand awareness e consideração, oferecendo sessão sem anúncios após ver o vídeo"",""dispositivos"":[""mobile"",""app""]},{""nome"":""Sponsored Playlist"",""chave"":""audio-bar"",""w"":728,""h"":90,""label"":""Playlist"",""melhor_para"":""associação prolongada da marca a playlists de alto consumo em momentos de uso recorrente"",""dispositivos"":[""mobile"",""desktop"",""tablet"",""app"",""audio""]},{""nome"":""Podcast Ads"",""chave"":""audio-bar"",""w"":728,""h"":90,""label"":""Podcast"",""melhor_para"":""afinidade e profundidade de mensagem em conteúdos de nicho e audiências engajadas"",""dispositivos"":[""audio"",""mobile"",""desktop"",""tablet"",""app""]}]","[{""nome"":""Conteúdo: Música vs Podcasts"",""quando"":""ao definir se a campanha deve priorizar música, podcasts ou ambos no gerenciador de anúncios e nas linhas de pedido"",""exemplo"":""marca de bens de consumo veicula Audio Ads em música para alcance amplo e reserva Podcast Ads apenas em programas de culinária e bem‑estar para aprofundar a mensagem""},{""nome"":""Momento de tela ativa (screen-on)"",""quando"":""ao comprar formatos de vídeo e Sponsored Session, que só são entregues quando o app está em foco na tela"",""exemplo"":""campanha de lançamento usa Video Takeover direcionado a sessões em que o usuário está com o app em foco, garantindo exposição visual completa""},{""nome"":""Tipo de sessão de escuta (sessão patrocinada vs sessão regular)"",""quando"":""ao optar por Sponsored Session em vez de vídeo padrão, construindo experiência de ~30 minutos sem anúncios"",""exemplo"":""marca de telecom ativa Sponsored Session para usuários free em mobile, oferecendo meia hora de música sem interrupções após o vídeo""},{""nome"":""Playlist e propriedade de inventário (Owned & Operated Playlists)"",""quando"":""ao selecionar Sponsored Playlist em listas proprietárias com grande volume de ouvintes recorrentes"",""exemplo"":""marca de bebidas patrocina playlist de hits nacionais, com presença em todos os intervalos comerciais da playlist e destaque na página""},{""nome"":""Contexto de uso em áudio sem tela (screenless audio)"",""quando"":""ao focar em Audio Ads que alcançam usuários em momentos sem atenção à tela, como fones ou carro"",""exemplo"":""marca automotiva direciona áudio para sessões de direção, priorizando mensagem sonora clara e call to action simples""},{""nome"":""Dispositivo e ambiente de app"",""quando"":""ao escolher entre entrega em mobile, desktop ou outros dispositivos, especialmente para formatos de vídeo"",""exemplo"":""varejo prioriza Mobile Overlay e Video Takeover em smartphones, com criativos otimizados para mobile e landing pages responsivas""},{""nome"":""Segmentação por programa de podcast"",""quando"":""ao planejar compra de Podcast Ads em programas específicos alinhados ao público da marca"",""exemplo"":""fintech concentra inserções em podcasts de finanças pessoais e empreendedorismo, usando host-read para aumentar credibilidade junto ao público.[2][4][8]""},{""nome"":""Formato de troca de valor (value exchange advertising)"",""quando"":""ao usar Sponsored Session ou playlists patrocinadas que oferecem benefício claro ao usuário em troca de atenção ao anúncio"",""exemplo"":""marca de e-commerce ativa Sponsored Session comunicando explícito “assista ao nosso vídeo e ganhe 30 minutos de música sem anúncios”, reforçando percepção positiva de marca.[1][11][15][8]""}]","[""Único player com acesso a playlists patrocinadas no Brasil"",""Segmentação por momento do dia (workout, relax, focus)"",""Dados exclusivos de humor e atividade do usuário"",""Audio ads não skipáveis com 95%+ completion rate""]"
2026-09-15T15:45:58+00:00,techtudo,TechTudo,Portais,portal,+25M pageviews/mês,70,R$ 12.000,"Portal de tecnologia do Grupo Globo, referência em reviews, tutoriais e notícias tech.","[{""nome"":""Display"",""chave"":""iab-medium"",""w"":300,""h"":250,""label"":""300×250"",""melhor_para"":""campanhas de performance e awareness em páginas de conteúdo tech"",""dispositivos"":[""desktop"",""mobile""]},{""nome"":""Native Ads"",""chave"":""iab-leaderboard"",""w"":728,""h"":90,""label"":""728×90"",""melhor_para"":""conteúdo patrocinado com integração editorial"",""dispositivos"":[""desktop"",""mobile""]},{""nome"":""Branded Content"",""chave"":""linkedin-landscape"",""w"":1200,""h"":627,""label"":""1.91:1"",""melhor_para"":""ações de conteúdo e aprofundamento de marca"",""dispositivos"":[""desktop"",""mobile""]},{""nome"":""Reviews patrocinados"",""chave"":""iab-medium"",""w"":300,""h"":250,""label"":""300×250"",""melhor_para"":""lançamentos e consideração de compra"",""dispositivos"":[""desktop"",""mobile""]},{""nome"":""Video"",""chave"":""iab-medium"",""w"":300,""h"":250,""label"":""300×250"",""melhor_para"":""awareness e demonstração de produto"",""dispositivos"":[""desktop"",""mobile""]}]","[{""nome"":""interesse em tecnologia"",""quando"":""quando a campanha quer falar com leitores de eletrônicos, celulares, computadores, apps e software"",""exemplo"":""marcar a ação em editorias de smartphones, notebooks e apps""},{""nome"":""intenção de compra / comparação"",""quando"":""quando o anunciante quer atingir usuários em momento de escolha"",""exemplo"":""campos de comparativos, guias de compra e reviews""},{""nome"":""contexto editorial"",""quando"":""quando a mensagem precisa aparecer em conteúdo de notícia, tutorial, lista ou review"",""exemplo"":""patrocínio de conteúdo em matérias sobre lançamentos e análises""},{""nome"":""produto / categoria"",""quando"":""quando a campanha é voltada a uma linha específica de produto tech"",""exemplo"":""smartphones, TVs, notebooks, periféricos ou serviços digitais""},{""nome"":""momento de lançamento"",""quando"":""quando a marca quer ativar comunicação em torno de anúncio de novidade"",""exemplo"":""campanhas em cobertura de novos modelos, atualizações e eventos do setor""}]","[""Audiência tech-savvy e early adopters"",""Reviews com alta credibilidade"",""Público masculino 68%"",""Alto poder aquisitivo""]"
2026-09-15T15:45:58+00:00,tiktok,TikTok,Sociais,social,+85M usuários BR,94,R$ 5.000,Plataforma de vídeos curtos com maior crescimento. Ideal para alcançar público jovem com conteúdo autêntico.,"[{""nome"":""In-Feed Ads"",""chave"":""feed-1x1"",""w"":1080,""h"":1080,""label"":""1:1"",""melhor_para"":""alcance contínuo e descoberta no feed Para Você"",""dispositivos"":[""mobile"",""app""]},{""nome"":""TopView"",""chave"":""story-9x16"",""w"":1080,""h"":1920,""label"":""9:16"",""melhor_para"":""alto impacto em lançamento e awareness"",""dispositivos"":[""mobile"",""app""]},{""nome"":""Brand Takeover"",""chave"":""iab-billboard"",""w"":970,""h"":250,""label"":""970×250"",""melhor_para"":""takeover de abertura com 100% da tela"",""dispositivos"":[""mobile"",""app""]},{""nome"":""Spark Ads"",""chave"":""story-9x16"",""w"":1080,""h"":1920,""label"":""9:16"",""melhor_para"":""impulsionar conteúdo orgânico de marca ou creators"",""dispositivos"":[""mobile"",""app""]},{""nome"":""Branded Hashtag Challenge"",""chave"":""story-9x16"",""w"":1080,""h"":1920,""label"":""9:16"",""melhor_para"":""ativação participativa e UGC em larga escala"",""dispositivos"":[""mobile"",""app""]},{""nome"":""Branded Effects"",""chave"":""story-9x16"",""w"":1080,""h"":1920,""label"":""Efeito"",""melhor_para"":""engajamento interativo e lembrança de marca"",""dispositivos"":[""mobile"",""app""]},{""nome"":""Search Ads"",""chave"":""iab-leaderboard"",""w"":728,""h"":90,""label"":""Busca"",""melhor_para"":""capturar intenção em buscas dentro do TikTok"",""dispositivos"":[""mobile"",""app""]}]","[{""nome"":""Demográfica (idade e gênero)"",""quando"":""campanhas que exigem recorte básico de público, como foco em Gen Z ou adultos 25–44"",""exemplo"":""Selecionar Feminino e faixa 25–44 para campanhas de beleza com foco em mulheres adultas.[13][14]""},{""nome"":""Localização geográfica"",""quando"":""ações regionais, foco em estados ou cidades, ou campanhas nacionais com exclusões específicas"",""exemplo"":""Segmentar apenas usuários localizados na cidade de São Paulo para uma ativação física em shopping.[13][14]""},{""nome"":""Interesses declarados e comportamentais"",""quando"":""campanhas que precisam de afinidade temática (beleza, games, música, esporte, etc.)"",""exemplo"":""Direcionar anúncios de um jogo mobile para usuários com interesse em jogos e conteúdos de gaming.[13][14]""},{""nome"":""Comportamento de engajamento no app"",""quando"":""otimizar para usuários que interagem mais com vídeos de determinado tema ou formato"",""exemplo"":""Alcançar pessoas que costumam assistir até o fim e interagir com vídeos de tutoriais de maquiagem.[13][14]""},{""nome"":""Palavras‑chave em buscas (Search Ads)"",""quando"":""capturar usuários no momento de pesquisa ativa por categorias ou marcas dentro do TikTok"",""exemplo"":""Comprar palavras‑chave como “receita fácil” para promover um food brand nos resultados de busca.[5][9][12][15]""},{""nome"":""Públicos personalizados (1st party data)"",""quando"":""reimpactar bases próprias ou fazer exclusões de clientes existentes"",""exemplo"":""Subir lista de e‑mails de clientes para excluir quem já comprou de uma campanha de aquisição.[13][14]""},{""nome"":""Lookalike / públicos semelhantes"",""quando"":""escala de performance com base em pessoas parecidas com quem já converteu"",""exemplo"":""Criar público semelhante a quem completou compra em campanha anterior para ampliar alcance eficiente.[13][14]""},{""nome"":""Dispositivo e sistema operacional"",""quando"":""produtos ou aplicativos disponíveis apenas em determinados sistemas"",""exemplo"":""Segmentar apenas usuários em dispositivos Android para divulgar um app ainda não disponível em iOS.[13][14]""}]","[""Maior tempo de uso diário (95 min)"",""Algoritmo de descoberta poderoso"",""Spark Ads - impulsionar conteúdo orgânico"",""Público Gen Z altamente engajado""]"
2026-09-15T15:45:58+00:00,tudogostoso,TudoGostoso,Portais,portal,+30M pageviews/mês,75,R$ 8.000,"O maior site de receitas do Brasil, com audiência altamente engajada em culinária e gastronomia.","[{""nome"":""Display"",""chave"":""iab-medium"",""w"":300,""h"":250,""label"":""300×250"",""melhor_para"":""receita"",""dispositivos"":[""desktop"",""mobile""]},{""nome"":""Branded recipes"",""chave"":""feed-4x5"",""w"":1080,""h"":1350,""label"":""Receita"",""melhor_para"":""marca na cozinha"",""dispositivos"":[""mobile""]},{""nome"":""Native Ads"",""chave"":""iab-leaderboard"",""w"":728,""h"":90,""label"":""728×90"",""melhor_para"":""feed de receita"",""dispositivos"":[""mobile""]}]","[{""nome"":""Decisoras de compra (feminino)"",""quando"":""lançamentos de alimentos, campanhas de consumo recorrente e promoções semanais"",""exemplo"":""campanha de molho de tomate com receitas práticas para o almoço da semana""},{""nome"":""Mães e responsáveis por refeições infantis"",""quando"":""volta às aulas, lanches e refeições rápidas"",""exemplo"":""lançamento de opção de lanche saudável com receitas e sugestão de compra""},{""nome"":""Entusiastas de culinária"",""quando"":""lançamentos de utensílios, cursos e coleções de receitas premium"",""exemplo"":""promoção de mixer com vídeo passo a passo em receitas complexas""},{""nome"":""Saúde e dietas específicas"",""quando"":""campanhas de alimentação saudável, resoluções de ano novo ou tendências alimentares"",""exemplo"":""série de receitas low-carb patrocinada por marca de ingredientes alternativos""},{""nome"":""Ocasiões e datas comemorativas"",""quando"":""Natal, Páscoa, Dia das Mães, festas e eventos sazonais"",""exemplo"":""campanha de sobremesas para ceia de Natal com receitas patrocinadas""},{""nome"":""Eletrodomésticos e utensílios de cozinha"",""quando"":""lançamentos de produto, Black Friday e ações de demonstração"",""exemplo"":""vídeo mostrando receitas exclusivas usando uma airfryer em Branded Recipes""}]","[""Audiência 75% feminina - decisoras de compra"",""Alto tempo de permanência (12 min)"",""Branded recipes com integração de produto"",""Contexto perfeito para alimentos e bebidas""]"
2026-09-15T15:45:58+00:00,twitch,Twitch,Sociais,gaming,+15M usuários BR,90,R$ 15.000,Maior plataforma de live streaming do mundo. Comunidade engajada de gamers e criadores de conteúdo.,"[{""nome"":""Video Ads (pre-roll e mid-roll em live stream)"",""chave"":""ctv-16x9"",""w"":1920,""h"":1080,""label"":""16:9"",""melhor_para"":""awareness em transmissão ao vivo"",""dispositivos"":[""desktop"",""mobile"",""tablet"",""ctv""]},{""nome"":""Display SDA (banner no terço inferior da tela)"",""chave"":""iab-medium"",""w"":300,""h"":250,""label"":""300×250"",""melhor_para"":""presença de marca durante a live"",""dispositivos"":[""desktop""]},{""nome"":""Display Homepage (Headliner / Super Leaderboard / Retângulo médio)"",""chave"":""iab-medium"",""w"":300,""h"":250,""label"":""300×250"",""melhor_para"":""impacto em navegação e descoberta"",""dispositivos"":[""desktop"",""mobile""]},{""nome"":""Mid‑feed Ads (imagem vertical em feed mobile)"",""chave"":""feed-1x1"",""w"":1080,""h"":1080,""label"":""1:1"",""melhor_para"":""impacto em navegação no app"",""dispositivos"":[""mobile""]},{""nome"":""Branded Content / Patrocínio de streamers"",""chave"":""linkedin-landscape"",""w"":1200,""h"":627,""label"":""1.91:1"",""melhor_para"":""associação de marca com criadores e comunidades"",""dispositivos"":[""desktop"",""mobile"",""tablet"",""ctv"",""app""]}]","[{""nome"":""Interesse em games e cultura geek"",""quando"":""planejamento de campanhas de awareness em comunidades de jogos e entretenimento ao vivo"",""exemplo"":""Campanha focada em usuários que seguem categorias de jogos, eSports ou canais de gaming e cultura geek na Twitch, usando mídia de vídeo e display integrada ao ecossistema da plataforma.""},{""nome"":""Contexto de conteúdo ao vivo (categoria / tipo de stream)"",""quando"":""otimização de campanhas vinculando a mensagem da marca ao tipo de transmissão"",""exemplo"":""Segmentar anúncios de vídeo para streams de eSports, talk shows ou música ao vivo onde a marca é relevante, alinhando criativos ao contexto da categoria da transmissão.""},{""nome"":""Ativações com criadores (1st party de canais e comunidades)"",""quando"":""projetos de branded content e patrocínio com streamers específicos"",""exemplo"":""Selecionar streamers parceiros com base em audiência, perfil de comunidade e histórico de desempenho em patrocínios dentro do pacote de patrocínios da Amazon Ads na Twitch.""},{""nome"":""Segmentação por dispositivo (desktop vs mobile vs CTV)"",""quando"":""ajuste de criativo e estratégia conforme a tela de consumo"",""exemplo"":""Separar linhas de campanha para desktop com SDA e display homepage e para mobile com mid‑feed ads, além de vídeo em CTV para impacto em tela grande.""},{""nome"":""Momento de sessão (entrada e intervalo da live)"",""quando"":""definição de peso em pre‑roll vs mid‑roll de acordo com a jornada"",""exemplo"":""Usar pre‑roll para impactar o usuário no início da sessão e mid‑roll em breaks programados pelo Gerenciador de anúncios para reforço de mensagem durante a live.""},{""nome"":""Descoberta de canais (homepage e páginas de exploração)"",""quando"":""estratégias de tráfego e visibilidade de canal ou evento"",""exemplo"":""Investir em placements de homepage headliner, super leaderboard e retângulo médio na homepage e páginas de descoberta para promover canais patrocinados ou eventos especiais.""},{""nome"":""Segmentação por mercado / país (Brasil)"",""quando"":""campanhas regionais com entrega restrita ao Brasil"",""exemplo"":""Campanhas de anunciantes brasileiros veiculadas em inventário da Twitch no Brasil, dentro dos mercados suportados pelo pacote de patrocínios da Amazon Ads que inclui Brasil.""}]","[""Comunidade mais engajada da internet"",""95 min de sessão média"",""Público jovem difícil de alcançar em outros canais"",""Chat interaction em tempo real"",""Integração com Amazon DSP""]"
2026-09-15T15:45:58+00:00,uber,Uber,Mobilidade,mobile,+30M usuários BR,88,R$ 10.000,Plataforma de mobilidade com anúncios no app e no recibo. Bom para marca e drive-to-store.,"[{""nome"":""Splash"",""chave"":""story-9x16"",""w"":1080,""h"":1920,""label"":""9:16"",""melhor_para"":""abertura da corrida"",""dispositivos"":[""mobile"",""app""]},{""nome"":""In-App Ads"",""chave"":""feed-1x1"",""w"":1080,""h"":1080,""label"":""In-app"",""melhor_para"":""durante o deslocamento"",""dispositivos"":[""mobile"",""app""]},{""nome"":""Receipt Ads"",""chave"":""iab-leaderboard"",""w"":728,""h"":90,""label"":""Recibo"",""melhor_para"":""leitura no recibo"",""dispositivos"":[""mobile""]}]","[{""nome"":""Aeroporto e centro"",""quando"":""marca em deslocamento"",""exemplo"":""Chegada GRU/CGH/GIG""},{""nome"":""Horário da corrida"",""quando"":""pico vs noite"",""exemplo"":""7h–9h e 18h–21h""},{""nome"":""Recibo"",""quando"":""alta leitura"",""exemplo"":""Fim da viagem""},{""nome"":""Cidade"",""quando"":""praça"",""exemplo"":""SP, RJ, BH""}]","[""Passageiro em deslocamento"",""Recibo com alta leitura"",""Cidades e aeroportos""]"
2026-09-15T15:45:58+00:00,uol,UOL,Portais,portal,+100M pageviews/mês,70,R$ 10.000,"Um dos maiores portais de conteúdo do Brasil com diversas verticais: notícias, esportes, economia, entretenimento.","[{""nome"":""Display IAB (retângulos, super banner, skyscraper, rich media)"",""chave"":""iab-medium"",""w"":300,""h"":250,""label"":""300×250"",""melhor_para"":""alcance e presença em portais UOL"",""dispositivos"":[""desktop"",""mobile""]},{""nome"":""Alto impacto / Takeover de Home"",""chave"":""iab-billboard"",""w"":970,""h"":250,""label"":""970×250"",""melhor_para"":""impacto de marca em Home UOL e grandes lançamentos"",""dispositivos"":[""desktop"",""mobile""]},{""nome"":""Vídeo em player (pre-roll, pos-roll, in-article, floating)"",""chave"":""ctv-16x9"",""w"":1920,""h"":1080,""label"":""Pre-roll"",""melhor_para"":""engajamento em conteúdo de vídeo UOL"",""dispositivos"":[""desktop"",""mobile""]},{""nome"":""Native Ads / anúncios integrados ao conteúdo"",""chave"":""iab-leaderboard"",""w"":728,""h"":90,""label"":""728×90"",""melhor_para"":""promoção de conteúdo e performance"",""dispositivos"":[""desktop"",""mobile""]},{""nome"":""Projeto de conteúdo / branded content UOL"",""chave"":""linkedin-landscape"",""w"":1200,""h"":627,""label"":""1.91:1"",""melhor_para"":""storytelling, consideração e construção de marca"",""dispositivos"":[""desktop"",""mobile"",""audio""]},{""nome"":""Newsletter e e-mail UOL"",""chave"":""iab-leaderboard"",""w"":728,""h"":90,""label"":""E-mail"",""melhor_para"":""relacionamento recorrente e segmentação de audiência"",""dispositivos"":[""desktop"",""mobile""]}]","[{""nome"":""Demográfica (gênero e faixa etária)"",""quando"":""campanhas que precisam ajustar mensagem por perfil de pessoa (produto com faixa etária definida ou foco em feminino/masculino)"",""exemplo"":""Segmentar banners e vídeo para mulheres de 25–44 anos em conteúdos de entretenimento e lifestyle dentro do UOL.[9][11]""},{""nome"":""Geolocalização e região"",""quando"":""ações com foco regional, campanhas locais, varejo ou serviços restritos a determinados estados/cidades"",""exemplo"":""Configurar campanha de display para usuários em São Paulo capital, com criativos específicos para uma rede de lojas da região.[9][11]""},{""nome"":""Assuntos de interesse (interesse em temas)"",""quando"":""campanhas de consideração e performance que dependem de afinidade por temas como esportes, finanças, tecnologia ou entretenimento"",""exemplo"":""Impactar pessoas interessadas em investimentos e economia com anúncios de instituição financeira em canais de notícias econômicas do UOL.[9][11]""},{""nome"":""Contexto de conteúdo (páginas e canais)"",""quando"":""aproveitar o momento de consumo de informação relevante ao produto, alinhando o anúncio ao contexto editorial"",""exemplo"":""Veicular formatos de alto impacto na Home e em matérias de tecnologia quando lançar um novo smartphone.[3][9][11]""},{""nome"":""Dispositivo (desktop vs mobile)"",""quando"":""quando o criativo ou a oferta são otimizados para experiência específica em mobile ou desktop"",""exemplo"":""Campanha mobile-only com formatos verticais em conteúdo mobile e notificações baseadas em geolocalização.[3][9]""},{""nome"":""Segmentação inteligente / otimizada pela plataforma"",""quando"":""campanhas que buscam escala e eficiência deixando a plataforma ajustar a entrega para maior desempenho"",""exemplo"":""Usar segmentação automatizada em UOL Ads para ampliar alcance de display mantendo foco em conversão ou cliques qualificados.[10][11]""},{""nome"":""Primeira parte UOL (audiência do ecossistema)"",""quando"":""marcas que querem usar dados proprietários do publisher para atingir usuários recorrentes e perfis construídos pelo consumo de conteúdo"",""exemplo"":""Campanha de seguros direcionada a leitores frequentes de canais de economia, carros e família dentro do ambiente logado UOL.[1][12][14]""},{""nome"":""Momento de consumo de vídeo"",""quando"":""quando o objetivo é aproveitar a atenção em conteúdo audiovisual para pre-roll e formatos em player"",""exemplo"":""Veicular pre-roll em vídeos de notícias e esportes durante grandes eventos esportivos para reforço de marca.[2][3][7]""}]","[""Diversidade de verticais e públicos"",""UOL Tab - newsletter premium"",""Forte em economia e finanças"",""Branded content de qualidade""]"
2026-09-15T15:45:58+00:00,youtube,YouTube,Sociais,video,+140M usuários BR,95,R$ 5.000,"A maior plataforma de vídeos do mundo. Alcance massivo com formatos de vídeo, display e discovery.","[{""nome"":""In-stream pulável (TrueView)"",""chave"":""ctv-16x9"",""w"":1920,""h"":1080,""label"":""In-stream"",""melhor_para"":""alcance eficiente e consideração (views qualificados)"",""dispositivos"":[""ctv"",""mobile"",""desktop"",""tablet"",""app""]},{""nome"":""In-stream não pulável"",""chave"":""ctv-16x9"",""w"":1920,""h"":1080,""label"":""16:9"",""melhor_para"":""reconhecimento de marca e mensagem completa"",""dispositivos"":[""ctv"",""mobile"",""desktop"",""tablet"",""app""]},{""nome"":""Bumper 6s"",""chave"":""ctv-16x9"",""w"":1920,""h"":1080,""label"":""6s"",""melhor_para"":""awareness rápido e reforço de mensagem"",""dispositivos"":[""ctv"",""mobile"",""desktop"",""tablet"",""app""]},{""nome"":""In-feed (Discovery)"",""chave"":""feed-4x5"",""w"":1080,""h"":1350,""label"":""4:5"",""melhor_para"":""consideração e descoberta de conteúdo"",""dispositivos"":[""mobile"",""desktop"",""tablet"",""app""]},{""nome"":""Shorts Ads (vídeo vertical)"",""chave"":""story-9x16"",""w"":1080,""h"":1920,""label"":""9:16"",""melhor_para"":""alcance mobile-first e engajamento em vídeo curto"",""dispositivos"":[""mobile"",""app""]},{""nome"":""Masthead (Home Takeover)"",""chave"":""iab-billboard"",""w"":970,""h"":250,""label"":""Masthead"",""melhor_para"":""lançamento, alto alcance em curto período"",""dispositivos"":[""ctv"",""mobile"",""desktop"",""tablet"",""app""]}]","[{""nome"":""Segmentação por interesses e afinidade"",""quando"":""Construir reconhecimento em públicos com afinidade contínua com temas relevantes à marca"",""exemplo"":""Campanha de marca focada em usuários com interesse em tecnologia de consumo, gaming e eletrônicos, usando segmentos de afinidade no YouTube Ads.""},{""nome"":""Segmentação por intenção de compra (in-market)"",""quando"":""Acelerar consideração e conversão em usuários próximos da decisão de compra"",""exemplo"":""Promoção de smartphones focada em pessoas classificadas como ‘prontas para comprar’ dispositivos móveis, com base em sinais de busca e comportamento em vídeo.""},{""nome"":""Segmentação contextual por conteúdo de vídeo"",""quando"":""Alinhar mensagem ao momento de consumo de conteúdo específico"",""exemplo"":""Anúncios de varejo veiculados em vídeos de reviews de eletrodomésticos e comparativos de preço, usando posicionamentos e tópicos relacionados.""},{""nome"":""Audiências próprias (1st party / listas e CRM)"",""quando"":""Reimpactar clientes, leads e inscritos ou excluir quem já converteu"",""exemplo"":""Campanha de upgrade de plano veiculada para base de clientes ativos a partir de listas de e-mails e dados de CRM integrados ao Google Ads.""},{""nome"":""Remarketing de engajamento em vídeo e visitas ao site"",""quando"":""Aumentar conversão em quem já demonstrou interesse em conteúdo ou produto"",""exemplo"":""Sequência de anúncios em vídeo para usuários que assistiram ao vídeo de lançamento acima de 50% ou visitaram páginas específicas do site.""},{""nome"":""Segmentação por dispositivos (CTV, mobile, desktop)"",""quando"":""Adequar criativo e estratégia ao contexto de consumo (TV conectada x celular)"",""exemplo"":""Plano de campanha com peças mais longas em CTV para sala de estar e criativos curtos e verticais para mobile em Shorts.""},{""nome"":""Segmentação demográfica detalhada"",""quando"":""Campanhas de alcance com recorte de público por idade, gênero, faixa parental e renda estimada"",""exemplo"":""Lançamento de produto focado em adultos 25–44, não pais, nas grandes capitais, com criativos adaptados por faixa etária.""},{""nome"":""Segmentação geográfica (país, estado, cidade, raio)"",""quando"":""Ativar campanhas regionais ou locais com relevância de ponto de venda"",""exemplo"":""Campanha de abertura de loja física em São Paulo, restrita a um raio de alguns quilômetros em torno dos novos endereços.""}]","[""Maior alcance de vídeo do Brasil"",""Segmentação por intenção de compra"",""YouTube Shorts para público jovem"",""Integração com Google Ads""]"
